"Instrument","MNEM","RIC","ISIN","NAME","ESTAT"
"905270","NA","NA","US0318971019","AMP DEAD - MERGER 545615","DEAD"
"921795","NA","AAMRQ.PK^L13","US0017651060","AMR DEAD - DELIST.09/12/13","DEAD"
"904261","NA","NA","US0434131035","ASARCO DEAD - MERGER 18/11/99","DEAD"
"905261","NA","NA","US0019575051","AT & T DEAD - DELIST.21/11/05","DEAD"
"916328","U:ABT","ABT","US0028241000","ABBOTT LABORATORIES","ACT."
"923024","NA","NA","US0046261071","ACME CLEVELAND DEAD - MERGER 912941","DEAD"
"936365","@AMD","AMD.O","US0079031078","ADVANCED MICRO DEVICES","ACT."
"902355","NA","NA","US0078691005","AEROQUIP-VICKERS DEAD - MERGER 903749","DEAD"
"912215","NA","NA","US0081171037","AETNA DEAD - SEE DS 255956","DEAD"
"929813","NA","NA","US0086771062","AHMANSON HF DEAD - MERGER 702406","DEAD"
"905271","U:APD","APD","US0091581068","AIR PRDS.& CHEMS.","ACT."
"921246","NA","ACV^E11","US0130781000","ALBERTO CULVER DEAD - DELIST.11/05/11","DEAD"
"923116","NA","NA","US0131041040","ALBERTSONS DEAD - DELIST.07/07/06","DEAD"
"952192","NA","NA","CA0137161059","ALCAN (NYS) DEAD - MERGER","DEAD"
"905113","U:HWM","HWM","US4432011082","HOWMET AEROSPACE","ACT."
"912145","NA","NA","US0144761055","ALEXANDER & ALEX. DEAD - MERGER 922817","DEAD"
"905339","NA","NA","US0231271034","AMAX MERGER INTO 951020","DEAD"
"951022","NA","NA","US0239051024","AMDAHL DEAD - MERGER 133227","DEAD"
"905802","U:HES","HES","US42809H1077","HESS","ACT."
"906190","NA","NA","US0253211009","AMER.CYANAMID MERGER WITH 906151","DEAD"
"905425","@AEP","AEP.O","US0255371017","AMER.ELEC.PWR.","ACT."
"906156","U:AXP","AXP","US0258161092","AMERICAN EXPRESS","ACT."
"912201","NA","NA","US0263511067","AMER.GENERAL DEAD - MERGER 916305","DEAD"
"921249","NA","AM^H13","US0263751051","AMER.GREETINGS 'A' DEAD - DELIST.09/08/13","DEAD"
"906151","NA","WYE^J09","US9830241009","WYETH DEAD - DELIST.15/10/09","DEAD"
"916305","U:AIG","AIG","US0268747849","AMERICAN INTL.GP.","ACT."
"921917","NA","NA","US0300961010","AMER.STORES DEAD - MERGER 23/06/99","DEAD"
"945383","NA","NA","US0309541011","AMERITECH DEAD - MERGER 945388","DEAD"
"905420","NA","NA","US0319051027","AMOCO DEAD - MERGER 31/12/98","DEAD"
"992814","NA","NA","US0344251089","ANDREW DEAD - DELIST.07/01/08","DEAD"
"912059","NA","NA","US0352291035","ANHEUSER-BUSCH COS. DEAD - DELIST.08/12/08","DEAD"
"992816","@AAPL","AAPL.O","US0378331005","APPLE","ACT."
"921093","U:ADM","ADM","US0394831020","ARCHER DANIELS MIDLAND","ACT."
"902337","U:AS","NA","US0421701006","ARMCO DEAD - MERGER 130775","DEAD"
"901646","NA","NA","US0423841073","ARMSTRONG HDG. DEAD - DELIST.13/12/07","DEAD"
"905342","U:ASH","ASH","US0441861046","ASHLAND GLOBAL HDG.","ACT."
"904272","NA","NA","US0488251036","ATLANTIC RICHFIELD DEAD - MERGER 900995","DEAD"
"702259","@ADSK","ADSK.O","US0527691069","AUTODESK","ACT."
"912669","@ADP","ADP.O","US0530151036","AUTOMATIC DATA PROC.","ACT."
"921161","U:AVY","AVY","US0536111091","AVERY DENNISON","ACT."
"905793","U:AVP","AVP^A20","US0543031027","AVON PRODUCTS DEAD - DELIST.06/01/20","DEAD"
"921431","U:BKR","BKR","US05722G1004","BAKER HUGHES A","ACT."
"932060","U:BLL","BLL","US0584981064","BALL","ACT."
"905175","NA","NA","US05873C1062","BALLY ENTMT.CORP. DEAD - MERGER 18/12/96","DEAD"
"904332","NA","CEG^C12","US2103711006","CONSTELLATION EN. DEAD - AQCD.BY 902317","DEAD"
"951043","NA","NA","US06423A1034","BANK ONE DEAD - ACQD.BY 902242","DEAD"
"923937","U:BAC","BAC","US0605051046","BANK OF AMERICA","ACT."
"902173","NA","NA","US06605R1068","BANKBOSTON DEAD - MERGER 923464","DEAD"
"902238","NA","NA","US0663651075","BANKERS TST.NY. DEAD - MERGER 905076","DEAD"
"905592","U:BCR","BCR^L17","US0673831097","C R BARD DEAD - DELIST.29/12/17","DEAD"
"930857","NA","NA","US0680551027","BARNETT BANKS DEAD - MERGER 09/01/98","DEAD"
"905384","@BSET","BSET.O","US0702031040","BASSETT FRTR.INDS.","ACT."
"905439","NA","NA","US0717071031","BAUSCH & LOMB DEAD - MERGER","DEAD"
"916365","U:BAX","BAX","US0718131099","BAXTER INTL.","ACT."
"905876","U:BDX","BDX","US0758871091","BECTON DICKINSON","ACT."
"945385","NA","NA","US0798601029","BELLSOUTH DEAD - DELIST.16/01/07","DEAD"
"912125","U:BMS","BMS^F19","US0814371052","BEMIS DEAD - DELIST.11/06/19","DEAD"
"906402","NA","NA","US0817211024","BENEFICIAL DEAD - MERGER 905027","DEAD"
"902338","NA","NA","US0875091052","BETHLEHEM STEEL DEAD - DELIST.07/01/04","DEAD"
"923643","NA","NA","US0878513094","BEVERLY ENTERPRISE DEAD - DELIST.14/03/06","DEAD"
"905147","NA","BDK^C10","US0917971006","BLACK & DECKER DEAD - DELIST.25/03/10","DEAD"
"905596","U:HRB","HRB","US0936711052","H&R BLOCK","ACT."
"904818","U:BA","BA","US0970231058","BOEING","ACT."
"905491","NA","OMX^K13","US67622P1012","OFFICEMAX DEAD - DELIST.06/11/13","DEAD"
"912199","NA","NA","US0995991025","BORDEN DEAD - MERGER 14/03/95","DEAD"
"905343","@BGGSQ","BGGSQ.PK^A21","US1090431099","BRIGGS & STRATTON DEAD - DELIST.07/01/21","DEAD"
"905080","U:BMY","BMY","US1101221083","BRISTOL MYERS SQUIBB","ACT."
"905685","NA","BNSSA.PK^F12","US0559664026","BNS HOLDING 'A' DEAD - DELIST.27/06/12","DEAD"
"921334","U:CAL","CAL","US1295001044","CALERES","ACT."
"912216","U:BF.B","BFb","US1156372096","BROWN-FORMAN 'B'","ACT."
"916109","NA","NA","US1158851055","BROWNING-FERRIS DEAD - MERGER 30/07/99","DEAD"
"921436","U:BC","BC","US1170431092","BRUNSWICK","ACT."
"916098","NA","BNI^B10","US12189T1043","BURL.NTHN.SANTA FE C DEAD - DELIST.26/02/10","DEAD"
"904825","NA","NA","US1248451080","CBS DEAD - MERGER 24/11/95","DEAD"
"912278","U:CI","CI","US1255231003","CIGNA","ACT."
"907737","U:CNA","CNA","US1261171003","CNA FINANCIAL","ACT."
"945551","U:CPCP","NA","US2044931002","COMPAQ COMPUTERS DEAD - MERGER.905277","DEAD"
"902257","NA","NA","US08658U1016","BESTFOODS DEAD - MERGER 905478","DEAD"
"993189","@CSX","CSX.O","US1264081035","CSX","ACT."
"912635","U:CVS","CVS","US1266501006","CVS HEALTH","ACT."
"912151","NA","NA","US1298941014","CALIBER SYS. DEAD - MERGER 27/01/98","DEAD"
"905075","U:CPB","CPB","US1344291091","CAMPBELL SOUP","ACT."
"921807","NA","NA","US1398591024","CAPITAL CITIES ABC DEAD - MERGER - 921964","DEAD"
"902255","NA","NA","NA","CARTER HAWLEY STRS. EXPIRED 08/10/92","DEAD"
"902224","U:CAT","CAT","US1491231015","CATERPILLAR","ACT."
"916604","U:CNTX","NA","US1523121044","CENTEX DEAD - DELIST.19/08/09","DEAD"
"906182","NA","NA","US1523571099","CTL.& SW. DEAD - MERGER 905425","DEAD"
"905479","NA","ARB^I13","US03875Q1085","ARBITRON DEAD - DELIST.30/09/13","DEAD"
"912909","NA","NA","US1585251051","CHAMPION INTL. DEAD - MERGER 21/06/00","DEAD"
"906839","NA","CHRS.O^F12","US1611331034","CHARMING SHOPPES DEAD - ACQD.BY 944288","DEAD"
"906196","NA","NA","US1616101002","CHASE MANHATTAN DEAD - MERGER - 902242","DEAD"
"902242","U:JPM","JPM","US46625H1005","JP MORGAN CHASE & CO.","ACT."
"905024","U:CVX","CVX","US1667641005","CHEVRON","ACT."
"904803","NA","NA","US1711961086","CHRYSLER DEAD - MERGER 689057","DEAD"
"916790","NA","CB^A16","US1712321017","CHUBB DEAD - DELIST.14/01/16","DEAD"
"912455","NA","CCTYQ.PK^I11","US1727371080","CIRCUIT CITY STORES DEAD - DELIST.28/09/11","DEAD"
"902245","NA","NA","US1730341096","CITICORP DEAD - MERGER 741344","DEAD"
"912060","NA","NA","US1813961026","CLARK EQUIPMENT DEAD - MERGER 25/05/95","DEAD"
"916125","U:CLX","CLX","US1890541097","CLOROX","ACT."
"916407","NA","NA","US1904411055","COASTAL DEAD - MERGER 325308","DEAD"
"904282","U:KO","KO","US1912161007","COCA COLA","ACT."
"906148","U:CL","CL","US1941621039","COLGATE-PALM.","ACT."
"902198","NA","NA","US1976481085","COLUMBIA ENERGY GP. DEAD - MERGER 01/11/00","DEAD"
"981550","@CMCSA","CMCSA.O","US20030N1019","COMCAST A","ACT."
"916944","NA","NA","US8937191042","TRANSITIONAL HOSP. DEAD - MERGER - 500344","DEAD"
"998326","@CA","CA.O^K18","US12673P1057","CA DEAD - DELIST.06/11/18","DEAD"
"916091","U:DXC","DXC","US23355L1061","DXC TECHNOLOGY","ACT."
"929814","U:CAG","CAG","US2058871029","CONAGRA BRANDS","ACT."
"749321","NA","NA","US2083681005","CONRAIL DEAD - MERGER 901899","DEAD"
"902288","U:ED","ED","US2091151041","CONSOLIDATED EDISON","ACT."
"905140","NA","CNW^J15","US2059441012","CON-WAY DEAD - DELIST.30/10/15","DEAD"
"902289","U:CNG","NA","US2096151038","CONS.NATURAL GAS DEAD - MERGER 944314","DEAD"
"906018","NA","NA","US2113271017","CONTINENTAL DEAD - MERGER 10/05/95","DEAD"
"912568","NA","CBE^L12","IE00B40K9117","COOPER INDUSTRIES DEAD - ACQD.BY 903749","DEAD"
"905997","U:TAP","TAP","US60871R2094","MOLSON COORS BEVERAGE COMPANY B","ACT."
"912273","U:GLW","GLW","US2193501051","CORNING","ACT."
"923709","NA","NA","US2202911085","CORROON & BLACK","DEAD"
"903705","U:CR","CR","US2243991054","CRANE","ACT."
"906899","NA","NA","US2252241045","CRAY RESEARCH DEAD - MERGER 741342","DEAD"
"932188","NA","NA","US2274301058","CROSS & TRECKER MERGER 31/10/91","DEAD"
"912188","U:CCK","CCK","US2283681060","CROWN HDG.","ACT."
"905966","U:CMI","CMI","US2310211063","CUMMINS","ACT."
"951020","NA","NA","US2328091036","CYPRUS AMAX MINERALS DEAD - MERGER 03/12/99","DEAD"
"938424","NA","NA","US2333111092","DSC COMMUNICATIONS DEAD - MERGER 325886","DEAD"
"905214","U:DTE","DTE","US2333311072","DTE ENERGY","ACT."
"912646","NA","NA","US2358111068","DANA DEAD - DELIST.01/02/08","DEAD"
"932136","NA","NA","US2376881064","DATA GENERAL DEAD - MERGER 12/10/99","DEAD"
"930531","NA","NA","US1494791072","CATTLESALE DEAD - DELIST.04/09/07","DEAD"
"906189","U:DE","DE","US2441991054","DEERE","ACT."
"912595","NA","NA","US2473611083","DELTA AIR LINES DEAD - DELIST.30/04/07","DEAD"
"916704","U:DLX","DLX","US2480191012","DELUXE","ACT."
"902351","U:VVI","VVI","US92552R4065","VIAD","ACT."
"916382","U:DEC","NA","US2538491034","DIGITAL EQUP. DEAD - MERGER 945551","DEAD"
"923731","U:DDS","DDS","US2540671011","DILLARDS 'A'","ACT."
"944314","U:D","D","US25746U1097","DOMINION ENERGY","ACT."
"905047","U:RRD","RRD","US2578672006","R R DONNELLEY & SONS","ACT."
"904830","U:DOV","DOV","US2600031080","DOVER","ACT."
"905114","U:DWCM","DOW^I17","US2605431038","DOW CHEMICAL DEAD - DELIST.01/09/17","DEAD"
"905706","U:DJCO","NA","US2605611050","DOW JONES & CO DEAD - DELIST.14/12/07","DEAD"
"902227","NA","NA","US2615971080","DRESSER INDS. DEAD - MERGER 904678","DEAD"
"902199","U:EPDN","DD^I17","US2635341090","E I DU PONT DE NEMOURS DEAD - DELIST.01/09/17","DEAD"
"904383","U:DUK","DUK","US26441C2044","DUKE ENERGY","ACT."
"905139","NA","RHDCQ.PK^A10","US74955W3079","RH DONNELLEY DEAD - DELIST.29/01/10","DEAD"
"921600","NA","NA","US2691573016","E-SYSTEMS DEAD - MERGER 08/05/95","DEAD"
"904408","NA","NA","US2935671030","ENSERCH DEAD - EXPD 05/08/97","DEAD"
"912901","NA","NA","US27637F1003","EASTERN ENTERPRISES DEAD - MERGER 901657","DEAD"
"902175","@EMKK","EKDKQ.PK^I13","US2774611097","EASTMAN KODAK DEAD - DELIST.03/09/13","DEAD"
"903749","U:ETN","ETN","IE00B8KQN827","EATON","ACT."
"916418","NA","NA","US2787491065","ECHLIN DEAD - MERGER 912646","DEAD"
"921268","U:ECL","ECL","US2788651006","ECOLAB","ACT."
"902324","U:EIX","EIX","US2810201077","EDISON INTL.","ACT."
"905115","U:EMR","EMR","US2910111044","EMERSON ELECTRIC","ACT."
"997471","NA","NA","US2928451044","ENGELHARD DEAD - MERGER W/511398","DEAD"
"905190","NA","NA","US2935611069","ENRON DEAD - DELIST.18/11/04","DEAD"
"902306","U:ETR","ETR","US29364G1031","ENTERGY","ACT."
"902190","U:NEU","NEU","US6515871076","NEWMARKET","ACT."
"902317","@EXC","EXC.O","US30161N1019","EXELON","ACT."
"905039","U:XOM","XOM","US30231G1022","EXXON MOBIL","ACT."
"905082","U:FMC","FMC","US3024913036","FMC","ACT."
"905016","U:NEE","NEE","US65339F1012","NEXTERA ENERGY","ACT."
"916901","@FNMA","FNMA.PK","US3135861090","FANNIE MAE","ACT."
"951849","U:FDX","FDX","US31428X1063","FEDEX","ACT."
"921456","NA","NA","US3131355014","FEDDERS DEAD - DELIST.08/09/08","DEAD"
"921182","NA","NA","US3136931033","FED.PAPER BOARD DEAD - MERGER 904069","DEAD"
"912369","NA","NA","US3194551012","FIRST CHICAGO DEAD - MERGER 30/11/95","DEAD"
"923443","NA","NA","US3201951007","FIRST FIDELITY BANCORP. DEAD - MERGER 29/12/95","DEAD"
"902251","NA","NA","US3205481001","1ST.INTERSTATE BANCORP DEAD - MERGER - 905083","DEAD"
"930480","NA","NA","US3208911046","1ST.MISSISSIPPI DEAD - MERGER 133384","DEAD"
"951048","NA","WB^A09","US9299031024","WACHOVIA DEAD - DELIST.12/01/09","DEAD"
"923464","NA","NA","US3390301089","FLEETBOSTON FINL. DEAD - ACQD.BY 923937","DEAD"
"912138","NA","FLTWQ.PK^H10","US3390991038","FLEETWOOD ENTS. DEAD - DELIST.24/08/10","DEAD"
"921831","NA","NA","US3391301062","FLEMING COMPANIES DEAD - DELIST.24/08/04","DEAD"
"902230","U:F","F","US3453708600","FORD MOTOR","ACT."
"904259","NA","BEAM.K^E14","US0737301038","BEAM DEAD - DELIST.30/04/14","DEAD"
"912481","NA","FWLT.O^L14","CH0018666781","FOSTER WHEELER DEAD - DELIST.04/12/14","DEAD"
"906188","NA","NA","US3623201031","GTE DEAD - MERGER 945384","DEAD"
"923449","U:TGNA","TGNA.K","US87901J1051","TEGNA","ACT."
"951018","U:GPS","GPS","US3647601083","GAP","ACT."
"544083","NA","NA","NA","GENETECH MERGER 07/09/90","DEAD"
"907652","U:GD","GD","US3695501086","GENERAL DYNAMICS","ACT."
"906150","U:GE","GE","US3696041033","GENERAL ELECTRIC","ACT."
"912252","NA","NA","US3701181014","GEN.INSTRUMENT MERGER","DEAD"
"905801","U:GIS","GIS","US3703341046","GENERAL MILLS","ACT."
"905171","NA","MTLQQ.PK^D11","NA","MOTORS LIQUIDATION DEAD - DELIST.01/04/11","DEAD"
"912223","NA","NA","US3705631089","GEN.RE DEAD - MERGER 22/12/98","DEAD"
"912251","NA","NA","US3708381047","GEN.SIGNAL DEAD - MERGER 916137","DEAD"
"905125","U:GCO","GCO","US3715321028","GENESCO","ACT."
"906511","U:GPC","GPC","US3724601055","GENUINE PARTS","ACT."
"904835","NA","NA","US3732981085","GEORGIA PACIFIC DEAD - DELIST.23/12/05","DEAD"
"916145","NA","NA","US3737121083","GERBER PRDS. DEAD - MERGER 25/8/94","DEAD"
"921875","NA","NA","US3744781051","GIANT FOOD A DEAD - MERGER 30/10/98","DEAD"
"905078","NA","NA","US3757661026","GILLETTE DEAD - DELIST.20/10/05","DEAD"
"923564","NA","NA","US3813171069","GOLDEN WEST FINL. DEAD - DELIST.20/10/06","DEAD"
"906179","NA","GR^G12","US3823881061","GOODRICH DEAD - DELIST.27/07/12","DEAD"
"904837","@GT","GT.O","US3825501014","GOODYEAR TIRE & RUB.","ACT."
"904363","NA","NA","US3838831051","GRACE W R DEAD - MERGER 883855","DEAD"
"905898","U:GWW","GWW","US3848021040","WW GRAINGER","ACT."
"902260","NA","GAPTQ.PK^C12","US3900641032","GT.ATL.& PAC.TEA CO. DEAD - DELIST.14/03/12","DEAD"
"906493","U:GNN","NA","US3910901079","GT.NTHN.NEKOOSA","DEAD"
"905403","NA","NA","US3914421009","GT.WSTN.FINL. DEAD - MERGER 702406","DEAD"
"921697","NA","NA","US4001811037","GRUMMAN MERGER WITH 905809","DEAD"
"904678","U:HAL","HAL","US4062161017","HALLIBURTON","ACT."
"905609","NA","HDLM.PK^A13","US4102521006","HANDLEMAN DEAD - DELIST.16/01/13","DEAD"
"912719","NA","NA","US4116311048","HARCOURT BRACE","DEAD"
"921969","NA","NA","US41163G1013","HARCOURT GEN. DEAD - ACQD.775385","DEAD"
"916107","NA","NA","US4126931033","HARLAND JOHN H DEAD - MERGER.02/05/07","DEAD"
"921460","NA","NA","US4133451090","HARNISCHFEGER INDS. DEAD - DELIST.13/07/01","DEAD"
"905409","U:LHX","LHX","US5024311095","L3HARRIS TECHNOLOGIES","ACT."
"944195","NA","HTMXQ.PK^F13","US4171191046","HARTMARX DEAD - DELIST.24/06/13","DEAD"
"912030","@HAS","HAS.O","US4180561072","HASBRO","ACT."
"902262","U:HJHZ","HNZ^F13","US4230741039","HJ HEINZ DEAD - DELIST.10/06/13","DEAD"
"921049","U:HP","HP","US4234521015","HELMERICH & PAYNE","ACT."
"905129","NA","NA","US4270561065","HERCULES DEAD - DELIST.24/11/08","DEAD"
"905077","U:HSY","HSY","US4278661081","HERSHEY","ACT."
"905277","U:HPQ","HPQ","US40434L1052","HP","ACT."
"916209","NA","NA","US4328481092","HILTON HOTELS DEAD - MERGER","DEAD"
"905486","NA","NA","US4350711051","HOLIDAY DEAD - 29/05/90","DEAD"
"998171","U:HD","HD","US4370761029","HOME DEPOT","ACT."
"921050","NA","NA","US4376141002","HOMESTAKE MNG. DEAD - MERGER 944357","DEAD"
"906191","@HON","HON.O","US4385161066","HONEYWELL INTL.","ACT."
"902197","NA","NA","US4385061076","HONEYWELL DEAD - MERGER 906191","DEAD"
"905027","NA","NA","US4418151076","HOUSEHOLD INTL. DEAD - MERGER 133343","DEAD"
"904842","U:CNP","CNP","US15189T1079","CENTERPOINT EN.","ACT."
"916860","U:HUM","HUM","US4448591028","HUMANA","ACT."
"923400","NA","NA","US4517131011","IKON OFFICE SLTN. DEAD - DELIST.14/11/08","DEAD"
"906174","U:ITT","ITT","US45073V1089","ITT","ACT."
"905052","U:ITW","ITW","US4523081093","ILLINOIS TOOL WORKS","ACT."
"515133","NA","NA","CA4532584022","INTERNATIONAL NICKEL (OTC)","DEAD"
"905446","U:TT","TT","IE00BK9ZQ967","TRANE TECHNOLOGIES","ACT."
"912227","NA","NA","US78375P1075","RYERSON DEAD - MERGER","DEAD"
"922726","@INTC","INTC.O","US4581401001","INTEL","ACT."
"905804","NA","NA","US2976001089","INTERCO DEAD - DELIST.26/06/92","DEAD"
"997329","NA","NA","US4586831095","INTERGRAPH DEAD - DELIST.30/11/06","DEAD"
"921397","U:IK","NA","US4587021076","INTERLAKE DEAD - MERGER 10/02/99","DEAD"
"906187","U:IBM","IBM","US4592001014","INTERNATIONAL BUS.MCHS.","ACT."
"905050","U:IFF","IFF","US4595061015","INTL.FLAVORS & FRAG.","ACT."
"904069","U:IP","IP","US4601461035","INTERNATIONAL PAPER","ACT."
"930055","U:FJ","NA","US3474711047","FORT JAMES DEAD - MERGER 27/11/00","DEAD"
"916351","NA","NA","US4750701082","JEFFERSON PILOT DEAD - MERGER.03/04/06","DEAD"
"912212","U:JNJ","JNJ","US4781601046","JOHNSON & JOHNSON","ACT."
"907677","NA","JCI^I16","US4783661071","JOHNSON CONTROLS DEAD - DELIST.06/09/16","DEAD"
"906406","U:JOS","NA","US4810883003","JOSTENS CL.A DEAD - MERGER 10/05/00","DEAD"
"906366","NA","NA","US4825841095","KMART DEAD - DELIST.07/05/03","DEAD"
"729935","U:KBH","KBH","US48666K1097","KB HOME","ACT."
"905922","U:K","K","US4878361082","KELLOGG","ACT."
"905142","NA","NA","US4923861078","KERR-MCGEE DEAD - DELIST.28/08/06","DEAD"
"902354","U:KMB","KMB","US4943681035","KIMBERLY-CLARK","ACT."
"905516","NA","NA","US4956671071","KING WORLD PRODUCTION DEAD - MERGER 902170","DEAD"
"916839","U:KTRD","NA","US4990401030","KNIGHT-RIDDER DEAD - DELIST.21/07/06","DEAD"
"912134","U:KR","KR","US5010441013","KROGER","ACT."
"921290","U:LLY","LLY","US5324571083","ELI LILLY","ACT."
"937343","U:LB","LB","US5017971046","L BRANDS","ACT."
"906538","NA","NA","US5327631090","LIN BROADCASTING DEAD - MERGER 03/10/95","DEAD"
"912402","U:LNC","LNC","US5341871094","LINCOLN NATIONAL","ACT."
"904899","NA","NA","US5380211061","LITTON INDS. DEAD - MERGER 905809","DEAD"
"997563","NA","KATE.K^G17","US4858651098","KATE SPADE & COMPANY DEAD - DELIST.12/07/17","DEAD"
"905018","NA","NA","US5398211087","LOCKHEED CORP DEAD - MERGER 15/03/95","DEAD"
"921365","NA","NA","NA","LONE STAR INDUSTRIES DEAD - EXPIRED 14/4/94","DEAD"
"912808","NA","NA","US5431621011","LONGS DRUG STRS. DEAD - DELIST.14/11/08","DEAD"
"921601","NA","NA","US5438591027","LORAL DEAD - MERGER - 154423","DEAD"
"944997","NA","NA","US5457001064","LOTUS DEV. DEAD - MERGER 05/07/95","DEAD"
"905056","NA","NA","US5462681033","LNA.LAND & EXPLORATION DEAD - MERGER 22/10/97","DEAD"
"929799","U:LPX","LPX","US5463471053","LOUISIANA PACIFIC","ACT."
"905620","U:LOW","LOW","US5486611073","LOWE'S COMPANIES","ACT."
"906684","U:LUB","LUB","US5492821013","LUBY'S","ACT."
"912812","NA","NA","US5526181004","M/A COMM. DEAD - MERGER 30/06/95","DEAD"
"912176","NA","NA","US5526531075","MCA","DEAD"
"923020","NA","NA","US5526731055","MCI COMMS. DEAD - MERGER 329954","DEAD"
"921284","NA","NA","US5612321092","MALLINCKRODT DEAD - MERGER 545615","DEAD"
"906545","NA","NA","US5640541042","MANOR CARE DEAD - MERGER 545900","DEAD"
"904848","NA","NA","US5648091016","MANFS.HANOVER MERGER INTO 902242","DEAD"
"912588","@HST","HST.O","US44107P1049","HOST HOTELS & RESORTS REIT","ACT."
"904780","U:MMC","MMC","US5717481023","MARSH & MCLENNAN","ACT."
"921698","NA","NA","NA","MARTIN MARIETTA DEAD - MERGER 15/03/95","DEAD"
"905624","U:MAS","MAS","US5745991068","MASCO","ACT."
"907736","NA","MEE^F11","US5762061068","MASSEY EN. DEAD - DELIST.02/06/11","DEAD"
"912811","@MAT","MAT.O","US5770811025","MATTEL","ACT."
"906147","NA","NA","US5777301046","MAXUS ENERGY DEAD - MERGER 08/06/95","DEAD"
"904525","NA","NA","US5777781031","MAY DEPT.STORES DEAD - DELIST.14/09/05","DEAD"
"905353","NA","NA","US5785921074","MAYTAG DEAD - DELIST.21/04/06","DEAD"
"938892","@MDRIQ","MDRIQ.PK^G20","PAL1201471A1","MCDERMOTT INTL. DEAD - DELIST.01/07/20","DEAD"
"921910","U:MCD","MCD","US5801351017","MCDONALDS","ACT."
"921699","NA","NA","US5801691008","MCDONN.DOUGLAS DEAD - MERGER 904818","DEAD"
"905414","U:SPGI","SPGI.K","US78409V1044","S&P GLOBAL","ACT."
"904736","NA","NA","NA","MCKESSON DEAD - MERGER 30/11/94","DEAD"
"905806","U:MWVC","MWV^G15","US5833341077","MEADWESTVACO DEAD - DELIST.02/07/15","DEAD"
"906496","U:MDT","MDT","IE00BTN1Y115","MEDTRONIC","ACT."
"933189","NA","NA","US58551A1088","MELLON FINL. DEAD - MERGER.02/07/07","DEAD"
"902266","NA","NA","US5875331002","MERCANTILE STRS. DEAD - MERGER 923731","DEAD"
"905019","U:MRK","MRK","US58933Y1055","MERCK & COMPANY","ACT."
"921293","U:MDP","MDP","US5894331017","MEREDITH","ACT."
"922060","NA","MER^A09","US5901881087","MERRILL LYNCH & CO. DEAD - DELIST.15/01/09","DEAD"
"906181","NA","MZIAQ.PK^B13","US5987093011","MILACRON DEAD - DELIST.22/02/13","DEAD"
"912856","NA","MIL^G10","US6010731098","MILLIPORE DEAD - DELIST.15/07/10","DEAD"
"902172","U:MMM","MMM","US88579Y1010","3M","ACT."
"906184","NA","NA","US6070591028","MOBIL DEAD - MERGER 905039","DEAD"
"921476","NA","GWOW.PK^I10","US37184G1040","GENESIS WWD. DEAD - DELIST.24/09/10","DEAD"
"902221","NA","NA","US71713U1025","PHARMACIA DEAD - MERGER 904030","DEAD"
"740337","NA","NA","CA6158571092","MOORE WALLACE (NYS) DEAD - MERGER 905047","DEAD"
"902247","NA","NA","US6168801008","MORGAN (JP) DEAD - MERGER 902242","DEAD"
"541917","NA","NA","US6193311015","MORTON INTL. DEAD - MERGER 21/06/99","DEAD"
"904878","U:MSI","MSI","US6200763075","MOTOROLA SOLUTIONS","ACT."
"741924","U:NC","NC","US6295791031","NACCO INDUSTRIES 'A'","ACT."
"905354","NA","NA","US31945A1007","FIRST CHICAGO NBD DEAD - MERGER 01/10/98","DEAD"
"902239","NA","NA","US0660501059","BANKAMERICA DEAD - MERGER 923937","DEAD"
"905519","NA","NA","US6288621047","NCR","DEAD"
"904464","U:NICR","GAS^L11","US6540861076","NICOR DEAD - AQCD.BY 906820","DEAD"
"993249","U:NKE","NKE","US6541061031","NIKE 'B'","ACT."
"516649","U:NL","NL","US6291564077","NL INDUSTRIES","ACT."
"912376","U:NEC","NA","US6357711083","NAT.EDUCATION DEAD - MERGER 921969","DEAD"
"906175","NA","AVATQ.PK^G14","US05349F4028","AVATEX DEAD - DELIST.01/07/14","DEAD"
"912374","NA","NSM^I11","US6376401039","NATIONAL SEMICON. DEAD - DELIST.26/09/11","DEAD"
"905625","NA","NA","US6376572060","NAT.SERVICE INDS. DEAD - MERGER 13/06/03","DEAD"
"921463","U:NAV","NAV","US63934E1082","NAVISTAR INTL.","ACT."
"912377","U:NYT","NYT","US6501111073","NEW YORK TIMES 'A'","ACT."
"906933","@NWL","NWL.O","US6512291062","NEWELL BRANDS (XSC)","ACT."
"912160","U:NEM","NEM","US6516391066","NEWMONT","ACT."
"905006","NA","NA","US6535201064","NIAGARA MOHAWK HDG. DEAD - MERGER 31/01/02","DEAD"
"902283","NA","NA","US6554191097","NORAM ENERGY CORP. DEAD - MERGER 904842","DEAD"
"906560","U:JWN","JWN","US6556641008","NORDSTROM","ACT."
"901899","U:NSC","NSC","US6558441084","NORFOLK SOUTHERN","ACT."
"938801","NA","NRTLQ.PK^J15","CA6565685089","NORTEL NETWORKS (OTC) DEAD - DELIST.15/10/15","DEAD"
"905809","U:NOC","NOC","US6668071029","NORTHROP GRUMMAN","ACT."
"921385","NA","NA","US6686051086","NORTON DEAD - DEAD","DEAD"
"921482","U:NUE","NUE","US6703461052","NUCOR","ACT."
"945386","NA","NA","US6707681002","NYNEX DEAD - MERGER 945384","DEAD"
"904480","U:OKE","OKE","US6826801036","ONEOK","ACT."
"905102","U:OXY","OXY","US6745991058","OCCIDENTAL PTL.","ACT."
"921911","NA","NA","US22281N1037","COVANTA EN. DEAD - DELIST.06/12/04","DEAD"
"905159","U:FE","FE","US3379321074","FIRSTENERGY","ACT."
"719618","U:ORCL","ORCL.K","US68389X1054","ORACLE","ACT."
"759710","NA","NA","US68763F1003","ORYX EN. DEAD - MERGER 905142","DEAD"
"946470","NA","NA","US6882222077","OSHKOSH B'GOSH 'A' DEAD - DELIST.15/07/05","DEAD"
"906512","NA","NA","US6900201020","OUTBOARD MARINE DEAD - MERGER 30/09/97","DEAD"
"905771","NA","NA","US69073F1030","OWENS-CORNING DEAD - DELIST.01/11/06","DEAD"
"921757","@PCAR","PCAR.O","US6937181088","PACCAR","ACT."
"902314","U:PCG","PCG","US69331C1080","PG&E","ACT."
"944175","U:PNC","PNC","US6934751057","PNC FINL.SVS.GP.","ACT."
"901897","U:PPG","PPG","US6935061076","PPG INDUSTRIES","ACT."
"921016","NA","NA","US6951141083","PACIFICORP DEAD - MERGER 928741","DEAD"
"905012","U:PET","NA","US6942321091","PACIFIC ENTS. DEAD - MERGER 683838","DEAD"
"945387","NA","NA","US6948901045","PACIFIC TELESIS DEAD - MERGER 945388","DEAD"
"921484","NA","PLL^H15","US6964293079","PALL DEAD - ACQD.BY 912941","DEAD"
"912131","NA","PNAA.PK^B10","US6977571024","PAN AM DEAD - DELIST.08/02/10","DEAD"
"902315","NA","NA","US6979261038","PANENERGY DEAD - MERGER 904383","DEAD"
"905675","NA","NA","US6992161074","PARAMOUNT COMMS. DEAD - MERGER 7/7/94","DEAD"
"905150","U:PH","PH","US7010941042","PARKER-HANNIFIN","ACT."
"912781","NA","CPPRQ.PK^B21","US6795351047","OLD COPPER DEAD - DELIST.02/02/21","DEAD"
"905791","NA","NA","US70931Q1094","PENNZENERGY (NYS) DEAD - MERGER 271980","DEAD"
"902316","NA","NA","US7110301063","PEOPLES ENERGY DEAD - DELIST.05/03/07","DEAD"
"905677","@PEP","PEP.O","US7134481081","PEPSICO","ACT."
"916427","NA","NA","US0381491002","APPLIED BIOSYSTEMS DEAD - DELIST.08/12/08","DEAD"
"912157","U:PKI","PKI","US7140461093","PERKINELMER","ACT."
"904030","U:PFE","PFE","US7170811035","PFIZER","ACT."
"904262","NA","NA","US7172651025","PHELPS DODGE DEAD - DELIST.02/04/07","DEAD"
"904853","U:MO","MO","US02209S1033","ALTRIA GROUP","ACT."
"912517","NA","NA","US7183201042","PHILIPS INDS.","DEAD"
"901666","U:COP","COP","US20825C1045","CONOCOPHILLIPS","ACT."
"905118","U:PBI","PBI","US7244791007","PITNEY-BOWES","ACT."
"906069","U:BCO","BCO","US1096961040","BRINK'S","ACT."
"756803","NA","NA","CA7259061017","PLACER DOME (NYS) DEAD - DELIST 16/03/06","DEAD"
"904854","NA","NA","US7310951055","POLAROID DEAD - DELIST.19/12/03","DEAD"
"907624","@PCH","PCH.O","US7376301039","POTLATCHDELTIC","ACT."
"741346","NA","NA","US7404591023","PREMARK DEAD - MERGER 905052","DEAD"
"938532","NA","NA","NA","PRICE MERGER (SEE 312385)","DEAD"
"912488","NA","NA","NA","PRIME MOTOR INNS","DEAD"
"912228","U:PG","PG","US7427181091","PROCTER & GAMBLE","ACT."
"904820","NA","PGN^G12","US7432631056","PROGRESS ENERGY DEAD - ACQD.BY 904383","DEAD"
"923418","NA","NA","US74406A1025","PROVIDIAN FINL. DEAD - DELIST.20/10/05","DEAD"
"902321","U:PEG","PEG","US7445731067","PUB.SER.ENTER.GP.","ACT."
"902320","NA","NA","US6936321016","PSI RES. DEAD - MERGER 24/10/94","DEAD"
"912518","U:PHM","PHM","US7458671010","PULTEGROUP","ACT."
"905810","U:OAT","NA","US7474021059","QUAKER OATS DEAD - MERGER 905677","DEAD"
"904851","NA","NA","US7476331050","QUANTUM CHM. DEAD - MERGED 30/09/93","DEAD"
"916312","@RSHCQ","RSHCQ.PK^J15","US74979E1010","RS LEGACY DEAD - DELIST.09/10/15","DEAD"
"921139","NA","NA","US7512773026","RALSTON PURINA DEAD - MERGER 12/12/01","DEAD"
"912271","U:RYC","NA","US7546031086","RAYCHEM DEAD - MERGER 545615","DEAD"
"912633","U:RTN","RTN^D20","US7551115071","RAYTHEON 'B' DEAD - DELIST.03/04/20","DEAD"
"702317","NA","NA","US7581101000","REEBOK INTL. DEAD - DELIST.01/02/06","DEAD"
"905693","NA","NA","US7617631012","REYNOLDS METALS DEAD - MERGER 905113","DEAD"
"923497","U:RAD","RAD","US7677548726","RITE AID","ACT."
"902233","U:ROK","ROK","US7739031091","ROCKWELL AUTOMATION","ACT."
"905081","NA","ROH^D09","US7753711073","ROHM & HAAS DEAD - DELIST.13/04/09","DEAD"
"938293","NA","NA","NA","SAFETY-KLEEN DEAD - DELIST.26/12/03","DEAD"
"907620","U:RDC","RDC^D19","GB00B6SLMV12","ROWAN COMPANIES CL.A DEAD - DELIST.11/04/19","DEAD"
"518197","U:RDS.A","RDSa","US7802592060","ROYAL DUTCH SHELL A ADR 1:2","ACT."
"905925","U:RBD","NA","US7810881091","RUBBERMAID DEAD - MERGER 906933","DEAD"
"921226","NA","NA","US7823521080","RUSSELL DEAD - DELIST 02/08/06","DEAD"
"938672","NA","NA","US7835201093","RYANS RESTAURANT GP. DEAD - DELIST 11/11/06","DEAD"
"906284","U:R","R","US7835491082","RYDER SYSTEM","ACT."
"916028","NA","NA","US7864291007","SAFECO DEAD - DELIST.03/10/08","DEAD"
"945388","U:T","T","US00206R1023","AT&T","ACT."
"916137","U:SPXC","SPXC.K","US7846351044","SPX","ACT."
"981720","NA","NA","US7864841058","SAFETY-KLEEN DEAD - MERGER 938293","DEAD"
"904849","NA","NA","US79549B1070","SALOMON DEAD - MERGER 741344","DEAD"
"945627","NA","NA","US8021831032","SANTA FE PACIFIC","DEAD"
"906180","U:HSH","HSH^H14","US4325891095","HILLSHIRE BRANDS DEAD - DELIST.28/08/14","DEAD"
"921314","NA","SGP^K09","US8066051017","SCHERING-PLOUGH DEAD - 04/11/09","DEAD"
"912090","U:SLB","SLB","AN8068571086","SCHLUMBERGER","ACT."
"912632","NA","NA","US8086551046","SCIENTIFIC ATLANTA DEAD - DELIST.15/03/06","DEAD"
"916111","NA","NA","US8098771038","SCOTT PAPER DEAD - MERGER 12/12/95","DEAD"
"518436","NA","NA","CA8118501060","SEAGRAM (NYS) DEAD - MERGER 152866","DEAD"
"904857","NA","NA","US8123871084","SEARS ROEBUCK DEAD - MERGER W/27020T","DEAD"
"905761","NA","NA","US8148231009","SECURITY PACIFIC MERGER INTO 902239","DEAD"
"916741","U:SCI","SCI","US8175651046","SERVICE CORP.INTL.","ACT."
"906998","NA","NA","US8194861014","SHARED MED.SYS. DEAD - MERGER 902192","DEAD"
"912311","NA","NA","US8204841030","SHAWMUT NAT. DEAD - MERGER 29/11/95","DEAD"
"905361","U:SHW","SHW","US8243481061","SHERWIN-WILLIAMS","ACT."
"923513","NA","NA","US8250391005","SHONEY'S DEAD - MERGER 12/04/02","DEAD"
"921693","U:SKY","SKY","US8308301055","SKYLINE CHAMPION","ACT."
"906400","U:SNA","SNA","US8330341012","SNAP-ON","ACT."
"906149","NA","NA","US8354151008","SONAT DEAD - MERGER 325308","DEAD"
"902325","U:SO","SO","US8425871071","SOUTHERN","ACT."
"951072","NA","NA","US8461041076","SOVRAN FINL. MERGER INTO 543944","DEAD"
"921146","NA","NA","US8517831009","SPRINGS INDS. DEAD - DELIST 16/01/03","DEAD"
"904864","NA","S^G13","US8520611000","SPRINT NEXTEL DEAD - DELIST.11/07/13","DEAD"
"905023","NA","NA","US8522061014","SQUARE D","DEAD"
"981683","NA","STJ^A17","US7908491035","ST.JUDE MEDICAL DEAD - DELIST.05/01/17","DEAD"
"933974","U:TRV","TRV","US89417E1091","TRAVELERS COS.","ACT."
"921503","U:SWK","SWK","US8545021011","STANLEY BLACK & DECKER","ACT."
"921232","NA","NA","US8615891095","STONE CONTAINER DEAD - MERGER 131489","DEAD"
"902350","NA","NA","US8633141002","STRIDE RITE DEAD - MERGER","DEAD"
"922725","U:STI","STI^L19","US8679141031","SUNTRUST BANKS DEAD - DELIST.09/12/19","DEAD"
"905255","NA","SUN^J12","US86764P1093","SUNOCO DEAD - DELIST.05/10/12","DEAD"
"905119","NA","SVU^J18","US8685363017","SUPERVALU DEAD - DELIST.23/10/18","DEAD"
"912401","NA","NA","PA8716161080","SYNTEX DEAD - MERGER 28/10/94","DEAD"
"916079","U:SYY","SYY","US8718291078","SYSCO","ACT."
"921855","U:TJX","TJX","US8725401090","TJX","ACT."
"905682","NA","NA","US8726491082","TRW DEAD - MERGER.905809","DEAD"
"902329","NA","NA","US8731681081","TXU DEAD - MERGER","DEAD"
"951606","NA","NA","US8753701080","TANDEM COMPUTERS DEAD - MERGER 945551","DEAD"
"923425","U:TGT","TGT","US87612E1064","TARGET","ACT."
"904897","NA","NA","US8791311009","TEKTRONIX DEAD - DELIST.22/11/07","DEAD"
"951574","@TCOMA","NA","US87924V1017","TELE COMMUNICATIONS TCI GROUP 'A'","DEAD"
"903736","NA","NA","US8793351078","TELEDYNE DEAD - MERGER 15/08/96","DEAD"
"945727","U:TPIL","TIN^B12","US8798681073","TEMPLE INLAND DEAD - ACQD.BY 904069","DEAD"
"912969","U:THC","THC","US88033G4073","TENET HEALTHCARE","ACT."
"904598","U:TEN","TEN","US8803491054","TENNECO A","ACT."
"906177","NA","NA","US8816941038","TEXACO DEAD - MERGER 905024","DEAD"
"905061","@TXN","TXN.O","US8825081040","TEXAS INSTRUMENTS","ACT."
"921649","U:TXT","TXT","US8832031012","TEXTRON","ACT."
"921645","NA","TNB^E12","US8843151023","THOMAS & BETTS DEAD - MERGER.922924","DEAD"
"905423","NA","NA","US8873151091","TIME WARNER DEAD - MERGER 325364","DEAD"
"905062","NA","NA","US8873641075","TIMES MIRROR 'A' DEAD - MERGER 945065","DEAD"
"903720","U:TKR","TKR","US8873891043","TIMKEN","ACT."
"907615","NA","NA","US8902781041","TONKA","DEAD"
"993394","U:GL","GL","US37959E1029","GLOBE LIFE","ACT."
"904146","NA","NA","US8923351006","TOYS R US HOLDINGS DEAD - DELIST.08/08/05","DEAD"
"904257","NA","NA","US8934851028","TRANSAMERICA DEAD - MERGER 777531","DEAD"
"916029","NA","NA","US8941801081","TRAVELERS DEAD - MERGER 31/12/93","DEAD"
"741344","U:C","C","US1729674242","CITIGROUP","ACT."
"945065","NA","NA","US8960471071","TRIBUNE DEAD - DELIST.22/12/07","DEAD"
"907697","NA","NA","US9021201044","TYCO INTERNATIONAL DEAD - MERGER 545615","DEAD"
"905063","NA","NA","NA","UAL (UNITED AIRLINES)","DEAD"
"945389","NA","NA","US91273H1014","US.WEST NEW DEAD - MERGER 894076","DEAD"
"912260","NA","NA","US9119051079","US AIRWAYS GP. DEAD - DELIST.01/04/03","DEAD"
"907689","NA","NA","US9032901046","USF & G DEAD - MERGER 933974","DEAD"
"901893","NA","NA","NA","USG","DEAD"
"905845","NA","NA","US9173181077","USLIFE DEAD - MERGER 912201","DEAD"
"921153","NA","UST^A09","US9029111062","UST DEAD - DELIST.20/01/09","DEAD"
"906186","NA","NA","US9029051086","USX","DEAD"
"902287","U:UCM","NA","US9049111043","UNICOM DEAD - MERGER 902317","DEAD"
"936872","U:UN","UN^K20","US9047847093","UNILEVER N Y SHS.ADR 1:1 DEAD - DELIST.30/11/20","DEAD"
"901894","NA","NA","US9055301017","UNION CAMP DEAD - MERGER 904069","DEAD"
"906171","NA","NA","US9055811049","UNION CARBIDE DEAD - MERGER 905114","DEAD"
"905105","U:UNP","UNP","US9078181081","UNION PACIFIC","ACT."
"905274","U:UIS","UIS","US9092143067","UNISYS","ACT."
"922843","NA","NA","NA","US.HOME EXPIRED 21/06/93","DEAD"
"905122","U:RTX","RTX","US75513E1010","RAYTHEON TECHNOLOGIES","ACT."
"904263","NA","NA","US9152891027","UNOCAL DEAD - MERGER W/905024","DEAD"
"921323","NA","NA","US9153021038","UPJOHN DEAD - MERGER 867201","DEAD"
"901892","U:VFC","VFC","US9182041080","V F","ACT."
"519803","NA","NA","US92224R6027","VARITY DEAD - MERGER 06/09/96","DEAD"
"945384","U:VZ","VZ","US92343V1044","VERIZON COMMUNICATIONS","ACT."
"916548","U:WMT","WMT","US9311421039","WALMART","ACT."
"904866","@WBA","WBA.O","US9314271084","WALGREENS BOOTS ALLIANCE","ACT."
"921964","U:DIS","DIS","US2546871060","WALT DISNEY","ACT."
"982124","NA","NA","NA","WANG LABS 'B' DEAD - EXPIRED","DEAD"
"905364","NA","NA","US9344881076","WARNER LAMBERT DEAD - MERGER 904030","DEAD"
"922785","U:WMX","NA","US94106K1016","WASTE MAN. DEAD - MERGER 519514","DEAD"
"905083","NA","NA","US9497401045","WELLS FARGO & CO DEAD - MERGER 02/11/98","DEAD"
"906195","U:WFC","WFC","US9497461015","WELLS FARGO & CO","ACT."
"951583","NA","NA","US9505901093","WENDY'S INTL. DEAD - DELIST.13/10/08","DEAD"
"902170","NA","NA","US12490K1079","CBS DEAD - MERGER 543487","DEAD"
"933092","@WLBAQ","WLBAQ.PK^D20","US9608781061","WESTMORELAND COAL DEAD - DELIST.13/04/20","DEAD"
"905025","NA","NA","US9615481044","WESTVACO DEAD - MERGER.905806","DEAD"
"905637","NA","NA","US9618961075","WETTERAU MERGER 29/10/92","DEAD"
"905818","U:WY","WY","US9621661043","WEYERHAEUSER","ACT."
"904869","U:WHR","WHR","US9633201069","WHIRLPOOL","ACT."
"906265","NA","PAS^C10","US71343P2002","PEPSIAMERICAS DEAD - DELIST.11/03/10","DEAD"
"922407","U:WMB","WMB","US9694571004","WILLIAMS","ACT."
"901700","NA","NA","US9742801098","WINN-DIXIE STRS. DEAD - REORG.SEE41408P","DEAD"
"902272","U:FL","FL","US3448491049","FOOT LOCKER","ACT."
"944345","U:WOR","WOR","US9818111026","WORTHINGTON INDS.","ACT."
"921154","NA","NA","US9825261053","WILLIAM WRIGLEY JR. DEAD - DELIST.17/10/08","DEAD"
"905010","@XEL","XEL.O","US98389B1008","XCEL ENERGY","ACT."
"905284","U:XRX","XRX","US98421M1062","XEROX HOLDINGS","ACT."
"905368","@YELL","YELL.O","US9855101062","YELLOW","ACT."
"904870","NA","NA","US9893491053","ZENITH ELEC. DEAD - B'RUPT 10/11/99","DEAD"
"923580","U:ZRN","NA","US9898241073","ZURN DEAD - MERGER 152711","DEAD"
"501541","U:HRET","NA","US4136191073","HARRAHS ENTERTAINMENT DEAD - MERGER.08/02/08","DEAD"
"945421","NA","NA","CA2787511021","ECHO BAY MINES DEAD - 05/02/03","DEAD"
"905005","NA","NA","US6298531020","NALCO CHEMICAL DEAD - MERGER 20/12/99","DEAD"
"921264","U:CTB","CTB","US2168311072","COOPER TIRE & RUB.","ACT."
"921991","NA","NA","US6184471067","MORRISON-KNUDSEN DEAD - MERGER 28/06/96","DEAD"
"982423","NA","NA","US0906131000","BIOMET DEAD - 26/09/07","DEAD"
"921883","NA","PBY^B16","US7132781094","PEP BOYS MANNY MOE&JACK DEAD - DELIST.04/02/16","DEAD"
"543944","NA","NA","US12467H1032","C&S SOVRAN MERGER INTO 923937","DEAD"
"982863","NA","NA","US4662651052","JWP MERGER","DEAD"
"905436","NA","NA","US9115961040","US.BANCORP DEAD - MERGER 905173","DEAD"
"916695","U:AZA","NA","US0226151084","ALZA CORP. DEAD - MERGER 22/06/01","DEAD"
"992065","NA","NA","US2186951040","CORESTATES FINL. DEAD - MERGER 27/04/98","DEAD"
"543063","NA","NA","US80218K1051","SANTA FE SNYDER DEAD - MERGER 271980","DEAD"
"938978","NA","NA","US0936761040","BLOCKBUSTER ENTS. DEAD - MERGER 29/9/94","DEAD"
"952208","NA","NA","US0966501068","BOATMENS BCSH. DEAD - MERGER 923937","DEAD"
"544613","NA","NA","US7158251055","PET DEAD - MERGER 11/05/95","DEAD"
"902331","NA","NA","US8935321013","TRANSCO ENERGY DEAD - MERGER 28/04/95","DEAD"
"922780","NA","NA","NA","BRUNOS DEAD - EXPIRED29/08/95","DEAD"
"544682","U:MRO","MRO","US5658491064","MARATHON OIL","ACT."
"544683","U:X","X","US9129091081","UNITED STATES STEEL","ACT."
"902332","U:UEP","NA","US9065481023","UNION ELECTRIC DEAD - MERGER 31/12/97","DEAD"
"921279","NA","NA","US3905681033","GT.LAKES CHM. DEAD - MERGER 921448","DEAD"
"729152","NA","NOVL.O^D11","US6700061053","NOVELL DEAD - DELIST.28/04/11","DEAD"
"938692","@AMGN","AMGN.O","US0311621009","AMGEN","ACT."
"777771","@FMCC","FMCC.PK","US3134003017","FREDDIE MAC","ACT."
"541863","NA","AGN^C15","US0184901025","ALLERGAN DEAD - DELIST.17/03/15","DEAD"
"544345","NA","NA","US55262L1008","MBNA DEAD - DELIST.18/01/06","DEAD"
"541990","NA","NA","NA","GIDDINGS & LEWIS WI. (SEE 30413T)","DEAD"
"326105","U:PX","PX^J18","US74005P1049","PRAXAIR DEAD - DELIST.31/10/18","DEAD"
"906699","NA","NA","US9127071069","US SURGICAL DEAD - MERGER 545615","DEAD"
"719563","NA","JAVA.O^B10","US8668102036","SUN MICROSYSTEMS DEAD - ACQD.BY 719618","DEAD"
"923465","U:IPG","IPG","US4606901001","INTERPUBLIC GROUP","ACT."
"327961","NA","NA","US3632331076","GALEN HEALTH CARE MERGER SEE (543446)","DEAD"
"755967","NA","NA","US5794681099","MCCAW CELLULAR COMMS. DEAD - MERGER 905261","DEAD"
"327998","U:MS","MS","US6174464486","MORGAN STANLEY","ACT."
"543446","NA","NA","US4041191093","HCA DEAD - DELIST 20/11/06","DEAD"
"312385","@COST","COST.O","US22160K1051","COSTCO WHOLESALE","ACT."
"677630","NA","NA","US5719031032","MARRIOTT INTL.NEW DEAD - CONV.TO 677631","DEAD"
"933976","NA","NA","US7236861016","PION.HI-BRED INTL. DEAD - MERGER 902199","DEAD"
"923253","NA","NA","US9297711031","WACHOVIA DEAD - MERGER 951048","DEAD"
"749836","U:GOLD","GOLD.K","CA0679011084","BARRICK GOLD (NYS)","ACT."
"777011","NA","NA","US1220141030","BURLINGTON RES. DEAD - MERGER 901666","DEAD"
"542868","@CSCO","CSCO.O","US17275R1023","CISCO SYSTEMS","ACT."
"357922","U:EMN","EMN","US2774321002","EASTMAN CHEMICAL","ACT."
"916130","U:KEY","KEY","US4932671088","KEYCORP","ACT."
"741410","U:UNM","UNM","US91529Y1064","UNUM GROUP","ACT."
"130479","U:WAI","NA","US9576741048","WESTERN ATLAS DEAD - MERGER 921431","DEAD"
"357699","NA","NA","US00949T1007","AIRTOUCH COMMUNICATIONS DEAD - MERGER 29/06/99","DEAD"
"938999","NA","NA","US9119101072","US.HEALTHCARE DEAD - MERGER 912215","DEAD"
"719643","@MSFT","MSFT.O","US5949181045","MICROSOFT","ACT."
"905647","U:LUV","LUV","US8447411088","SOUTHWEST AIRLINES","ACT."
"702635","U:UNH","UNH","US91324P1021","UNITEDHEALTH GROUP","ACT."
"325518","NA","NA","US3199631041","FIRST DATA DEAD - MERGER","DEAD"
"999506","@MU","MU.O","US5951121038","MICRON TECHNOLOGY","ACT."
"916631","NA","NCC^A09","US6354051038","NATIONAL CITY DEAD - DELIST.12/01/09","DEAD"
"936374","NA","SIAL.O^K15","US8265521018","SIGMA ALDRICH DEAD - DELIST.19/11/15","DEAD"
"32480Q","@VIAC","VIAC.O","US92556H2067","VIACOMCBS B","ACT."
"134467","NA","NA","US1724741087","CINERGY DEAD - DELIST.21/04/06","DEAD"
"132032","NA","NA","US8021761072","SANTA FE PAC.GOLD CORP. DEAD - MERGER 912160","DEAD"
"916311","NA","NA","US0200391037","ALLTEL DEAD - MERGER","DEAD"
"741342","NA","NA","US8270561025","SILICON GRAPHICS DEAD - REORG SEE41298Q","DEAD"
"325824","U:BSX","BSX","US1011371077","BOSTON SCIENTIFIC","ACT."
"902295","NA","NA","US36225X1000","GPU DEAD - DELIST.06/11/01","DEAD"
"905296","@AMAT","AMAT.O","US0382221051","APPLIED MATS.","ACT."
"905840","U:BK","BK","US0640581007","BANK OF NEW YORK MELLON","ACT."
"154423","U:LMT","LMT","US5398301094","LOCKHEED MARTIN","ACT."
"740646","NA","NA","CA50730K2065","LAIDLAW 'B' NV. (NYS) DEAD - REORG IN 515709","DEAD"
"945251","@CAR","CAR.O","US0537741052","AVIS BUDGET GROUP","ACT."
"541769","NA","NA","US2936374014","ENTERASYS NETWORKS DEAD - DELIST.14/03/06","DEAD"
"152719","U:DRI","DRI","US2371941053","DARDEN RESTAURANTS","ACT."
"741083","NA","NA","KYG3682L1059","FRUIT OF THE LOOM 'A' DEAD - DELIST 01/05/02","DEAD"
"922418","U:L","L","US5404241086","LOEWS","ACT."
"322677","U:ALL","ALL","US0200021014","ALLSTATE ORD SHS","ACT."
"152594","U:FCX","FCX","US35671D8570","FREEPORT-MCMORAN","ACT."
"929968","NA","NA","US7607191043","REPUBLIC NY. DEAD - MERGER 507534","DEAD"
"992854","NA","TLAB.O^L13","US8796641004","TELLABS DEAD - DELIST.04/12/13","DEAD"
"906672","NA","NA","US9691331071","WILLAMETTE DEAD - ACQ.14/03/02","DEAD"
"719782","NA","NA","US6174461094","MORGAN STANLEY DEAD - MERGER 327998","DEAD"
"905173","NA","NA","US9029731067","US BANCORP DEL. DEAD - DELIST.27/02/01","DEAD"
"546814","U:M","M","US55616P1049","MACY'S","ACT."
"867124","NA","NA","US58440J1043","MEDIAONE GP. DEAD - MERGER 905261","DEAD"
"902107","U:PPL","PPL","US69351T1060","PPL","ACT."
"867201","NA","NA","US7169411094","PHARMACIA & UPJOHN DEAD - MERGER 902221","DEAD"
"922964","U:CMA","CMA","US2003401070","COMERICA","ACT."
"867871","U:HIG","HIG","US4165151048","HARTFORD FINL.SVS.GP.","ACT."
"867873","NA","NA","US4509121004","ITT DEAD - MERGER 514950","DEAD"
"944276","NA","LSI.O^E14","US5021611026","LSI DEAD - ACQD.BY 54332K","DEAD"
"946119","NA","COMS.O^D10","US8855351040","3COM DEAD - DELIST.22/04/10","DEAD"
"132205","NA","NA","US14743R1032","CASE CORP. DEAD - MERGER 884451","DEAD"
"545442","NA","NA","US0725101002","BAY NETWORKS DEAD - MERGER 28/08/98","DEAD"
"719630","NA","EMC^I16","US2686481027","EMC DEAD - DELIST.07/09/16","DEAD"
"997198","@FITB","FITB.O","US3167731005","FIFTH THIRD BANCORP","ACT."
"944260","NA","NA","US3935051025","GREEN TREE FINL. DEAD - MERGER 937102","DEAD"
"922817","U:AON","AON","IE00BLP1HW54","AON CLASS A","ACT."
"326025","NA","NA","US3707871030","GENERAL SEMICONDUCTORS DEAD - MERGER 951056","DEAD"
"329954","@WCOM","NA","US98157D1063","WORLDCOM GP. DEAD - DELIST 21/04/04","DEAD"
"874114","U:TUP","TUP","US8998961044","TUPPERWARE BRANDS","ACT."
"702577","NA","NA","US0715931079","BATTLE MNT.GOLD 'A' DEAD - MERGER 912160","DEAD"
"545534","U:MTG","MTG","US5528481030","MGIC INVESTMENT","ACT."
"745176","U:ATI","ATI","US01741R1023","ALLEGHENY TECHS.","ACT."
"327318","NA","NA","US4041811096","HFS DEAD - MERGER 945251","DEAD"
"997963","NA","NA","NA","SEAGATE TECH. DEAD - MERGER 322081","DEAD"
"772203","@DEL","DELL.O^J13","US24702R1014","DELL DEAD - DELIST.30/10/13","DEAD"
"873791","NA","NA","US5494631071","LUCENT TECHNOLOGIES DEAD - DELIST 01/12/06","DEAD"
"311887","NA","NA","US9078341057","UNION PACIFIC RESOURCES GROUP","DEAD"
"884259","NA","NA","US6539293075","NIELSEN MDA.RESH. DEAD - MERGER 916163","DEAD"
"149488","U:GDNT","NA","US4016981056","GUIDANT DEAD - DELIST.24/04/06","DEAD"
"755411","U:MBI","MBI","US55262C1009","MBIA","ACT."
"544616","U:AZO","AZO","US0533321024","AUTOZONE","ACT."
"937102","NA","NA","US2084641073","CONSECO DEAD - DELIST.11/09/03","DEAD"
"905258","NA","NA","US35906P1057","FRONTIER DEAD - MERGER 28/09/99","DEAD"
"749772","U:EHC","EHC","US29261A1007","ENCOMPASS HEALTH","ACT."
"906394","U:TMO","TMO","US8835561023","THERMO FISHER SCIENTIFIC","ACT."
"542521","@PTC","PTC.O","US69370C1009","PTC","ACT."
"749382","@ADBE","ADBE.O","US00724F1012","ADOBE (NAS)","ACT."
"944704","U:CAH","CAH","US14149Y1082","CARDINAL HEALTH","ACT."
"755741","U:SCHW","SCHW.K","US8085131055","CHARLES SCHWAB","ACT."
"916036","NA","NA","US2223721042","COUNTRYWIDE FINL. DEAD - DELIST.11/07/08","DEAD"
"906194","U:EFX","EFX","US2944291051","EQUIFAX","ACT."
"741076","NA","APC^H19","US0325111070","ANADARKO PETROLEUM DEAD - DELIST.09/08/19","DEAD"
"921983","@APA","APA.O","US03743Q1085","APA","ACT."
"894604","NA","NA","US3701201077","GENERAL INSTM.DEL. DEAD - MERGER 904878","DEAD"
"912367","NA","NA","US8669301009","SUNAMERICA DEAD - MERGER 31/12/98","DEAD"
"545615","U:JCI","JCI","IE00BY7QL619","JOHNSON CONTROLS INTL.","ACT."
"702406","NA","WAMUQ.PK^C12","US9393221034","WASHINGTON MUTUAL DEAD - DELIST.15/08/12","DEAD"
"951068","@HBAN","HBAN.O","US4461501045","HUNTINGTON BCSH.","ACT."
"515709","NA","NA","NA","LAIDLAW (OTC) DEAD - DELIST.23/06/03","DEAD"
"981524","NA","NA","US60462E1047","MIRAGE RESORTS DEAD - MERGER 516007","DEAD"
"546277","U:OI","OI","US67098H1041","O I GLASS","ACT."
"936324","U:PGR","PGR","US7433151039","PROGRESSIVE OHIO","ACT."
"951052","U:STT","STT","US8574771031","STATE STREET","ACT."
"510096","NA","NA","US1845021021","CLEAR CHL.COMMS. DEAD - DELIST.11/08/08","DEAD"
"993062","@KLAC","KLAC.O","US4824801009","KLA","ACT."
"997635","NA","NA","US4041001094","HBO & CO. DEAD - MERGER 134784","DEAD"
"878574","U:YUM","YUM","US9884981013","YUM! BRANDS","ACT."
"510056","U:SNV","SNV","US87161C5013","SYNOVUS FINANCIAL","ACT."
"992305","U:TFC","TFC","US89832Q1094","TRUIST FINANCIAL","ACT."
"951545","@CINF","CINF.O","US1720621010","CINCINNATI FINL.","ACT."
"932913","U:OMC","OMC","US6819191064","OMNICOM GROUP","ACT."
"670942","U:AEE","AEE","US0236081024","AMEREN","ACT."
"702108","U:BIG","BIG","US0893021032","BIG LOTS","ACT."
"131508","NA","LEHMQ.PK^C12","US5249081002","LEHMAN BROS.HDG. DEAD - DELIST.06/03/12","DEAD"
"905861","@NTRS","NTRS.O","US6658591044","NORTHERN TRUST","ACT."
"916878","NA","NA","US8660051017","SUMMIT BANCORP DEAD - MERGER 923464","DEAD"
"905781","NA","NA","US5873421060","MERC.BANCORP DEAD - MERGER 951046","DEAD"
"874196","NA","NA","US0460081088","ASSOCS.1ST.CAP. DEAD - DELIST.04/12/00","DEAD"
"938076","U:BEN","BEN","US3546131018","FRANKLIN RESOURCES","ACT."
"357742","NA","NA","US3676261080","GATEWAY DEAD - MERGER","DEAD"
"883860","U:GRA","GRA","US38388F1084","W R GRACE","ACT."
"546393","NA","NA","US65332V1035","NEXTEL COMMS.'A' DEAD - ACQD.BY 904864","DEAD"
"923036","U:SEE","SEE","US81211K1007","SEALED AIR","ACT."
"677631","@MAR","MAR.O","US5719032022","MARRIOTT INTL.'A'","ACT."
"131627","NA","NA","US0434911097","ASCEND COMMS. DEAD - MERGER 873791","DEAD"
"902103","U:SRE","SRE","US8168511090","SEMPRA EN.","ACT."
"936911","NA","NA","US0739021089","BEAR STEARNS DEAD - DELIST.16/06/08","DEAD"
"134843","U:COF","COF","US14040H1059","CAPITAL ONE FINL.","ACT."
"922494","NA","NA","US2566691026","DOLLAR GENERAL DEAD - DELIST.12/07/07","DEAD"
"683118","U:MCO","MCO","US6153691059","MOODY'S","ACT."
"683214","NA","RX^C10","US4499341083","IMS HEALTH DEAD - DELIST.08/03/10","DEAD"
"741283","NA","NA","US5929071091","MEYER FRED DEAD - MERGER 912134","DEAD"
"944938","@SLM","SLM.O","US78442P1066","SLM","ACT."
"519514","U:WM","WM","US94106L1098","WASTE MANAGEMENT","ACT."
"906930","NA","NA","US2856611049","ELECTRONIC DATA SYSTEMS DEAD - DELIST.05/09/08","DEAD"
"325849","U:KSS","KSS","US5002551043","KOHL'S","ACT."
"867965","NA","NA","US7438621044","PROVIDENT COS.INCO. DEAD - MERGER 741410","DEAD"
"951144","NA","NA","US7589401006","REGIONS FINL. DEAD - MERGED W/951051","DEAD"
"545900","NA","NA","US5640551017","MANOR CARE","DEAD"
"544371","NA","NA","US62952P1021","NABISCO GP.HDG. DEAD - MERGER 699577","DEAD"
"545101","U:AES","AES","US00130H1059","AES","ACT."
"777267","NA","BMC.O^I13","US0559211000","BMC SOFTWARE DEAD - DELIST.11/09/13","DEAD"
"741521","U:CCEP","CCEP.K","GB00BDCPN049","COCA COLA EUROPACIFIC PARTNERS","ACT."
"945297","@PAYX","PAYX.O","US7043261079","PAYCHEX","ACT."
"327170","@PPST","NA","US7127131065","PEOPLESOFT DEAD - DELIST.07/01/05","DEAD"
"500157","NA","SPLS.O^I17","US8550301027","STAPLES DEAD - DELIST.13/09/17","DEAD"
"951051","U:RF","RF","US7591EP1005","REGIONS FINL.NEW","ACT."
"912941","U:DHR","DHR","US2358511028","DANAHER","ACT."
"895601","NA","NA","US64352U1034","NEW CENTURY ENERGIES DEAD - MERGER 905010","DEAD"
"543349","NA","SWY^A15","US7865142084","SAFEWAY DEAD - DELIST.30/01/15","DEAD"
"689416","NA","NA","US8520615068","SPRINT DEAD - DELIST 23/04/04","DEAD"
"755695","U:CCL","CCL","PA1436583006","CARNIVAL","ACT."
"542452","NA","NA","US8341821077","SOLECTRON DEAD - MERGER","DEAD"
"325364","U:TWX","TWX^F18","US8873173038","TIME WARNER DEAD - DELIST.16/06/18","DEAD"
"327352","NA","CPWR.O^L14","US2056381096","COMPUWARE DEAD - DELIST.16/12/14","DEAD"
"134784","U:MCK","MCK","US58155Q1031","MCKESSON","ACT."
"951046","U:USB","USB","US9029733048","US BANCORP","ACT."
"952203","NA","NA","US0321651020","AMSOUTH BANC. DEAD - DELIST 16/11/06","DEAD"
"906838","U:LUMN","LUMN.K","US5502411037","LUMEN TECHNOLOGIES","ACT."
"992303","NA","NA","US8447301016","SOUTHTRUST DEAD - MERGER W/951048","DEAD"
"905900","U:KSU","KSU","US4851703029","KANSAS CITY SOUTHERN","ACT."
"325596","U:AGN","AGN^E20","IE00BY9D5467","ALLERGAN DEAD - DELIST.11/05/20","DEAD"
"933185","U:AFL","AFL","US0010551028","AFLAC","ACT."
"901686","U:CMS","CMS","US1258961002","CMS ENERGY","ACT."
"694597","NA","DPHIQ.PK^J09","US2471261055","DELPHI DEAD - DELIST.07/10/09","DEAD"
"929302","U:BBY","BBY","US0865161014","BEST BUY","ACT."
"904834","U:FPC","NA","US3411091065","FLORIDA PROGRESS DEAD - MERGER 904820","DEAD"
"867422","@NTAP","NTAP.O","US64110D1046","NETAPP","ACT."
"772128","@ODP","ODP.O","US88337F1057","ODP","ACT."
"923490","NA","NA","US6956291057","PAINE WEBBER DEAD - MERGED 06/11/00","DEAD"
"327706","NA","NA","US94973H1086","WELLPOINT HLTH.NET. DEAD - MERGER 14737P","DEAD"
"546370","@QCOM","QCOM.O","US7475251036","QUALCOMM","ACT."
"905816","U:VMC","VMC","US9291601097","VULCAN MATERIALS","ACT."
"982095","NA","ADCT.O^L10","US0008863096","ADC TELECOM. DEAD - DELIST.10/12/10","DEAD"
"545691","NA","NA","US0195893088","ALLIED WASTE INDS. DEAD - DELIST.18/12/08","DEAD"
"683342","U:CPHD","NA","US2082515048","CONOCOPHILLIPS HOLDING DEAD - MERGER 901666","DEAD"
"867344","NA","LXK^K16","US5297711070","LEXMARK INTL. DEAD - DELIST.29/11/16","DEAD"
"687175","NA","NA","BMG3921A1009","GLOBAL CROSSING DEAD - DELIST.11/12/03","DEAD"
"952170","NA","NA","US8914903021","TOSCO DEAD - MERGER 901666","DEAD"
"729473","NA","SXCL.PK^B17","US8581222036","STEEL EXCEL DEAD - DELIST.16/02/17","DEAD"
"905276","@ADI","ADI.O","US0326541051","ANALOG DEVICES","ACT."
"325972","@BBBY","BBBY.O","US0758961009","BED BATH & BEYOND","ACT."
"512628","NA","CMVT.O^B13","US2058624022","COMVERSE TECH. DEAD - ACQD.BY 25519F","DEAD"
"325308","NA","EP^E12","US28336L1098","EL PASO DEAD - MERGER.74500P","DEAD"
"906487","U:LEG","LEG","US5246601075","LEGGETT&PLATT","ACT."
"902607","U:PNW","PNW","US7234841010","PINNACLE WEST CAP.","ACT."
"729104","@TROW","TROW.O","US74144T1088","T ROWE PRICE GROUP","ACT."
"277343","NA","PTV^K10","US6952571056","PACTIV DEAD - DELIST.17/11/10","DEAD"
"131364","NA","NA","US7487671007","QUINTILES TRANSNATIONAL DEAD - ACQD 26/09/03","DEAD"
"912744","@TER","TER.O","US8807701029","TERADYNE (XSC)","ACT."
"543542","@XLNX","XLNX.O","US9839191015","XILINX","ACT."
"867705","@CTXS","CTXS.O","US1773761002","CITRIX SYS.","ACT."
"929635","NA","MOLX.O^L13","US6085541018","MOLEX DEAD - ACQD.BY 322739","DEAD"
"951940","NA","NA","US6798331038","OLD KENT FINL. DEAD - MERGER 997198","DEAD"
"322668","U:RIG","RIG","CH0048265513","TRANSOCEAN","ACT."
"873886","@AABA","AABA.O^J19","US0213461017","ALTABA DEAD - DELIST.12/10/19","DEAD"
"998014","NA","NA","US0905971059","BIOGEN DEAD - ACQD.BY 545725","DEAD"
"689519","NA","CNXT.O^D11","US2071423089","CONEXANT SYSTEMS DEAD - DELIST.20/04/11","DEAD"
"729665","U:HOG","HOG","US4128221086","HARLEY-DAVIDSON","ACT."
"877072","U:NCR","NCR","US62886E1082","NCR","ACT."
"680359","U:YNR","NA","US9874251054","YOUNG AND RUBICAM DEAD - MERGER 04/10/00","DEAD"
"884048","NA","NA","US7859051002","SABRE HDG. DEAD - DELIST 12/04/07","DEAD"
"777343","NA","ALTR.O^L15","US0214411003","ALTERA DEAD - DELIST.28/12/15","DEAD"
"944169","NA","LLTC.O^C17","US5356781063","LINEAR TECHNOLOGY DEAD - DELIST.13/03/17","DEAD"
"322081","NA","NA","US9234361098","VERITAS SOFTWARE DEAD - DELIST.05/07/05","DEAD"
"771830","@MXIM","MXIM.O","US57772K1016","MAXIM INTEGRATED PRDS.","ACT."
"873803","NA","SAPE.O^B15","US8030621085","SAPIENT DEAD - DELIST.09/02/15","DEAD"
"875170","NA","NA","US8261701028","SIEBEL SYS. DEAD - MERGER W/719618","DEAD"
"277642","U:A","A","US00846U1016","AGILENT TECHS.","ACT."
"777501","NA","NA","US0290661075","AMER.POWER CONV. DEAD - MERGER.15/02/07","DEAD"
"771756","NA","NA","US1609031000","CHARTER ONE FINL. DEAD - DELIST 02/09/04","DEAD"
"687141","NA","CVG^J18","US2124851062","CONVERGYS DEAD - DELIST.06/10/18","DEAD"
"544794","NA","NA","US5846991025","MEDIMMUNE DEAD - MERGER.19/06/07","DEAD"
"312457","NA","NA","US5894051094","MERCURY INTERACTIVE DEAD - DELIST 09/11/06","DEAD"
"777266","NA","NVLS.O^F12","US6700081010","NOVELLUS SYSTEMS DEAD - ACQD.BY 946387","DEAD"
"328426","@SANM","SANM.O","US8010561020","SANMINA","ACT."
"326143","@SBUX","SBUX.O","US8552441094","STARBUCKS","ACT."
"745110","NA","TIF^A21","US8865471085","TIFFANY & CO DEAD - DELIST.07/01/21","DEAD"
"292530","@VSTN","VSTNQ.PK^J10","US92839U1079","VISTEON DEAD - DELIST.04/10/10","DEAD"
"680006","NA","BRCM.O^B16","US1113201073","BROADCOM 'A' DEAD - ACQD.SEE 54332K","DEAD"
"898530","NA","NA","NA","CIT GROUP 'A' DEAD - DELIST.02/06/01","DEAD"
"357344","@VIAV","VIAV.O","US9255501051","VIAVI SOLUTIONS","ACT."
"286019","NA","PALM.O^G10","US6966431057","PALM DEAD - DELIST.12/07/10","DEAD"
"894076","NA","Q^D11","US7491211097","QWEST COMMS.INTL. DEAD - DELIST.01/04/11","DEAD"
"292731","NA","JNS^E17","US47102X1054","JANUS CAPITAL GP. DEAD - DELIST.30/05/17","DEAD"
"271980","U:DVN","DVN","US25179M1036","DEVON ENERGY","ACT."
"901657","NA","NA","US49337W1009","KEYSPAN DEAD - MERGER","DEAD"
"264518","NA","NA","US0534991098","AVAYA DEAD - MERGER","DEAD"
"904844","NA","NA","US26817G3002","DYNEGY DEAD - DELIST.02/10/12","DEAD"
"683363","NA","KG^C11","US4955821081","KING PHARMS. DEAD - DELIST.01/03/11","DEAD"
"916532","U:NBR","NBR","BMG6359F1370","NABORS INDUSTRIES","ACT."
"878991","NA","PWER.O^G13","US73930R1023","POWER-ONE DEAD - ACQD.BY 922924","DEAD"
"874835","@BVSN","BVSN.O^E20","US1114127061","BROADVISION DEAD - DELIST.19/05/20","DEAD"
"944703","NA","NA","US1700401094","CHIRON DEAD - MERGER 20/04/06","DEAD"
"500373","U:EOG","EOG","US26875P1012","EOG RES.","ACT."
"921276","NA","FRX^G14","US3458381064","FOREST LABS. DEAD - DELIST.01/07/14","DEAD"
"906176","U:NI","NI","US65473P1057","NISOURCE","ACT."
"514950","NA","HOT^I16","US85590A4013","STARWOOD H&R.WORLDWIDE DEAD - DELIST.23/09/16","DEAD"
"255956","U:AET","AET^K18","US00817Y1082","AETNA DEAD - DELIST.29/11/18","DEAD"
"902280","NA","AYE^B11","US0173611064","ALLEGHENY EN. DEAD - DELIST.28/02/11","DEAD"
"545088","NA","ABKFQ.PK^E13","US0231391089","AMBAC FINANCIAL GROUP DEAD - DELIST.02/05/13","DEAD"
"883877","NA","NA","US1313471062","CALPINE DEAD - DELIST.04/02/08","DEAD"
"255272","U:FLR","FLR","US3434121022","FLUOR","ACT."
"328184","@INTU","INTU.O","US4612021034","INTUIT","ACT."
"923468","NA","NA","US49455P1012","KINDER MORGAN KANS DEAD - DELIST.14/06/07","DEAD"
"286738","U:MET","MET","US59156R1086","METLIFE","ACT."
"130375","NA","QLGC.O^H16","US7472771010","QLOGIC DEAD - DELIST.17/08/16","DEAD"
"923649","U:RHI","RHI","US7703231032","ROBERT HALF INTL.","ACT."
"981722","U:SYK","SYK","US8636671013","STRYKER","ACT."
"992322","NA","NA","US8715081076","SYMBOL TECHS. DEAD - DELIST.19/01/07","DEAD"
"546385","NA","VTSS.O^D15","US9284973040","VITESSE SEMICON. DEAD - ACQD.BY 906767","DEAD"
"670149","NA","AMCC.O^A17","US03822W4069","APPLIED MICRO CIRCUITS DEAD - DELIST.27/01/17","DEAD"
"328576","U:JBL","JBL","US4663131039","JABIL","ACT."
"702597","NA","NEBLQ.PK^B21","GB00BFG3KF26","NOBLE CORPORATION DEAD - DELIST.09/02/21","DEAD"
"922301","NA","FTRCQ.PK^E21","US35906A3068","FRONTIER COMMUNICATIONS DEAD - DELIST.03/05/21","DEAD"
"872781","NA","NA","US9149061023","UNIVISION COMMS.'A' DEAD - DELIST.09/04/07","DEAD"
"944777","@CTAS","CTAS.O","US1729081059","CINTAS","ACT."
"510110","NA","NA","US2061971055","CONCORD EFS DEAD - MERGER 325518","DEAD"
"741123","@FISV","FISV.O","US3377381088","FISERV","ACT."
"265233","NA","NA","US6046751086","MIRANT DEAD - DELIST.04/01/06","DEAD"
"696324","NA","PBG^C10","US7134091005","PEPSI BOTTLING GP. DEAD - DELIST.11/03/10","DEAD"
"281631","NA","NA","US41014S1069","JOHN HANCOCK FINL.SVS. DEAD - DELIST.28/04/04","DEAD"
"877121","NA","MWW^K16","US6117421072","MONSTER WORLDWIDE DEAD - DELIST.01/11/16","DEAD"
"951584","@ZION","ZION.O","US9897011071","ZIONS BANCORP.","ACT."
"292038","NA","NA","US00209A1060","AT&T WIRELESS SVS. DEAD - DELIST 27/10/04","DEAD"
"13997V","U:COL","COL^K18","US7743411016","ROCKWELL COLLINS DEAD - DELIST.27/11/18","DEAD"
"154680","U:ABC","ABC","US03073E1055","AMERISOURCEBERGEN","ACT."
"877775","U:CIEN","CIEN.K","US1717793095","CIENA","ACT."
"923755","NA","FDO^G15","US3070001090","FAMILY DOLLAR STORES DEAD - DELIST.07/07/15","DEAD"
"544717","NA","PMCS.O^A16","US69344F1066","PMC-SIERRA DEAD - DELIST.19/01/16","DEAD"
"14361V","U:ZBH","ZBH","US98956P1021","ZIMMER BIOMET HDG.","ACT."
"328901","NA","NA","US4525281022","IMMUNEX NEW DEAD - MERGER.938692","DEAD"
"998173","NA","IGT^D15","US4599021023","INTERNATIONAL GAME TECH. DEAD - ACQD.BY 9437JT","DEAD"
"687027","NA","XL^I18","BMG982941046","XL GROUP DEAD - DELIST.12/09/18","DEAD"
"894876","U:EOPT","NA","US2947411037","EQUITY OFFE.PROPS.TST. DEAD - DELIST.22/02/07","DEAD"
"889785","NA","MEAD.O^I13","US5830622032","MEADE INSTS. DEAD - DELIST.16/09/13","DEAD"
"905454","NA","TE^G16","US8723751009","TECO ENERGY DEAD - DELIST.01/07/16","DEAD"
"543487","@VIAB","VIAB.O^L19","US92553P2011","VIACOM 'B' DEAD - DELIST.05/12/19","DEAD"
"544385","NA","HMA^A14","US4219331026","HEALTH MAN.ASSOCS. DEAD - DELIST.27/01/14","DEAD"
"694405","@NVDA","NVDA.O","US67066G1040","NVIDIA","ACT."
"329534","U:EQR","EQR","US29476L1070","EQUITY RESD.TST.PROPS. SHBI","ACT."
"729431","NA","GENZ.O^D11","US3729171047","GENZYME DEAD - DELIST.11/04/11","DEAD"
"544882","NA","JNY^D14","US48020T1016","JONES GROUP DEAD - DELIST.09/04/14","DEAD"
"328314","U:CB","CB","CH0044328745","CHUBB","ACT."
"541806","NA","PCL^B16","US7292511083","PLUM CREEK TIMBER DEAD - DELIST.22/02/16","DEAD"
"867390","U:WAT","WAT","US9418481035","WATERS","ACT."
"951063","NA","MI^G11","US5718371033","MARSHALL & ILSLEY DEAD - DELIST.06/07/11","DEAD"
"946533","NA","NA","US75409P2020","RATIONAL SOFTWARE DEAD - MERGER 24/02/03","DEAD"
"151860","NA","NA","US8928931083","TRANE DEAD - MERGER","DEAD"
"149387","NA","APOL.O^B17","US0376041051","APOLLO EDUCATION GP.'A' DEAD - DELIST.02/02/17","DEAD"
"543697","NA","BJS^D10","US0554821035","BJ SVS. DEAD - DELIST.30/04/10","DEAD"
"905780","U:FHN","FHN","US3205171057","FIRST HORIZON","ACT."
"357834","U:SPG","SPG","US8288061091","SIMON PROPERTY GROUP","ACT."
"14737P","U:ANTM","ANTM.K","US0367521038","ANTHEM","ACT."
"500320","@EA","EA.O","US2855121099","ELECTRONIC ARTS","ACT."
"696738","U:GS","GS","US38141G1040","GOLDMAN SACHS GP.","ACT."
"938523","NA","NA","US6594241050","NORTH FORK BANCORP. DEAD - DELIST.04/12/06","DEAD"
"14698C","@PFG","PFG.O","US74251V1026","PRINCIPAL FINL.GP.","ACT."
"14861V","U:PRU","PRU","US7443201022","PRUDENTIAL FINL.","ACT."
"719635","NA","NA","US8673631037","SUNGARD DATA SYSTEMS DEAD - MERGER.11/08/05","DEAD"
"277487","U:UPS","UPS","US9113121068","UNITED PARCEL SER.'B'","ACT."
"687609","@EBAY","EBAY.O","US2786421030","EBAY","ACT."
"268193","NA","MON^F18","US61166W1018","MONSANTO DEAD - DELIST.07/06/18","DEAD"
"26084N","NA","NA","US89420G4064","TRAVELERS PR.CLTY.'B' DEAD - MERGED W/933974","DEAD"
"699577","NA","RAI^G17","US7617131062","REYNOLDS AMERICAN DEAD - DELIST.25/07/17","DEAD"
"877084","U:DYN","DYN^D18","US26817R1086","DYNEGY DEAD - DELIST.09/04/18","DEAD"
"29280Q","NA","NA","US9080681094","UNION PLANTERS DEAD - DELIST.01/07/04","DEAD"
"877181","U:DGX","DGX","US74834L1008","QUEST DIAGNOSTICS","ACT."
"543420","U:AN","AN","US05329W1027","AUTONATION","ACT."
"67884V","NA","NA","BMG4776G1015","INGERSOLL-RAND CO LTD","ACT."
"132808","U:AIV","AIV","US03748R7474","APARTMENT INV.& MAN.'A'","ACT."
"510493","U:MKC","MKC","US5797802064","MCCORMICK & COMPANY NV.","ACT."
"541900","@NLOK","NLOK.O","US6687711084","NORTONLIFELOCK","ACT."
"680531","U:FHI","FHI","US3142111034","FEDERATED HERMES B","ACT."
"689592","NA","NA","US00206J2096","AT&T CAP.CORP.SR.PINES 8.25%","DEAD"
"130809","NA","PLD^F11","US7434101025","PROLOGIS DEAD - DELIST.03/06/11","DEAD"
"27678H","NA","NA","NA","EXPRESS SCRIPTS 'B'","DEAD"
"545725","@BIIB","BIIB.O","US09062X1037","BIOGEN","ACT."
"951503","U:MTB","MTB","US55261F1049","M&T BANK","ACT."
"154096","NA","NA","US1417051034","CAREMARK RX DEAD - DELIST.02/04/07","DEAD"
"134058","NA","ACS^B10","US0081901003","AFFILIATED CMP.SVS.'A' DEAD - DELIST.18/02/10","DEAD"
"883488","@ETFC","ETFC.O^J20","US2692464017","E TRADE FINANCIAL DEAD - DELIST.05/10/20","DEAD"
"906931","@VTRS","VTRS.O","US92556V1061","VIATRIS","ACT."
"982852","U:VLO","VLO","US91913Y1001","VALERO ENERGY","ACT."
"28824E","NA","HSP^I15","US4410601003","HOSPIRA DEAD - DELIST.03/09/15","DEAD"
"546697","@GILD","GILD.O","US3755581036","GILEAD SCIENCES","ACT."
"510428","NA","SOV^A09","US8459051087","SOVEREIGN BANCORP DEAD - DELIST.12/02/09","DEAD"
"674567","NA","NA","US3380322046","FISHER SCIEN.INTL. DEAD - DELIST 27/11/06","DEAD"
"266220","U:TPR","TPR","US8760301072","TAPESTRY","ACT."
"25744E","NA","NA","US1255811085","CIT GROUP DEAD - DELIST.10/12/09","DEAD"
"152533","U:LH","LH","US50540R4092","LABORATORY CORP.OF AM. HDG.","ACT."
"937525","NA","NA","US0395831094","ARCHSTONE SMITH TST. DEAD - MERGER","DEAD"
"510078","NA","NA","US20449H1095","COMPASS BANCSHARES DEAD - DEL.07/09/07","DEAD"
"29599X","NA","NA","US35687M2061","FREESCALE SEMICONDUCTOR 'B'","DEAD"
"680604","U:LLL","LLL^G19","US5024131071","L3 TECHNOLOGIES DEAD - DELIST.01/07/19","DEAD"
"912029","A:FOXX","FOX.AX^E14","AU000000FOX5","TWENTY-FIRST CENTURY FOX CDI.'B'","DEAD"
"328723","NA","XTO^F10","US98385X1063","XTO EN. DEAD - DELIST.08/07/10","DEAD"
"326038","@ESRX","ESRX.O^L18","US30219G1085","EXPRESS SCRIPTS HOLDING DEAD - DELIST.21/12/18","DEAD"
"26012E","NA","MHS^D12","US58405U1025","MEDCO HEALTH SLTN. DEAD - T/OVER 02/04/12","DEAD"
"884383","U:NOV","NOV","US62955J1034","NOV","ACT."
"29739U","@TFCFA","TFCFA.O^C19","US90130A3095","TWENTY FIRST CENTURY FOX A","DEAD"
"27020T","@SHLDQ","SHLDQ.PK","US8123501061","SEARS HOLDINGS","ACT."
"937083","U:STZ","STZ","US21036P1084","CONSTELLATION BRANDS 'A'","ACT."
"325922","U:DHI","DHI","US23331A1097","D R HORTON","ACT."
"929776","@WFTIQ","WFTIQ.PK^L19","IE00BLNN3691","WEATHERFORD INTL. DEAD - DELIST.15/12/19","DEAD"
"544665","NA","CVH^E13","US2228621049","COVENTRY HEALTH CARE DEAD - ACQD.BY 255956","DEAD"
"505733","S:EC","NA","US2928451044","ENGELHARD (SWX) DEAD - 02/06/06","DEAD"
"25722U","MDI","NA","US5846991025","MEDIMMUNE (IRS) DEAD - 11/07/07","DEAD"
"906404","U:MUR","MUR","US6267171022","MURPHY OIL","ACT."
"905792","U:PSA","PSA","US74460D1090","PUBLIC STORAGE","ACT."
"906643","U:TSN","TSN","US9024941034","TYSON FOODS 'A'","ACT."
"912146","U:VNO","VNO","US9290421091","VORNADO REALTY TRUST","ACT."
"31604H","U:AMP","AMP","US03076C1062","AMERIPRISE FINL.","ACT."
"912219","U:LEN","LEN","US5260571048","LENNAR 'A'","ACT."
"326996","@PDCO","PDCO.O","US7033951036","PATTERSON COMPANIES","ACT."
"891399","@AMZN","AMZN.O","US0231351067","AMAZON.COM","ACT."
"28367U","U:GNW","GNW","US37247D1063","GENWORTH FINANCIAL CL.A","ACT."
"772209","@SSP","SSP.O","US8110544025","SCRIPPS E W 'A'","ACT."
"867375","U:EL","EL","US5184391044","ESTEE LAUDER COS.'A'","ACT."
"546689","NA","WFM.O^H17","US9668371068","WHOLE FOODS MARKET DEAD - DELIST.29/08/17","DEAD"
"755187","NA","BRL^L08","US0683061099","BARR PHARMACEUTICALS DEAD - DELIST.02/01/09","DEAD"
"741497","NA","HAR^C17","US4130861093","HARMAN INTL.INDS. DEAD - DELIST.13/03/17","DEAD"
"674693","@VRSN","VRSN.O","US92343E1029","VERISIGN","ACT."
"327747","@CHKAQ","CHKAQ.PK^B21","US1651677437","CHESAPEAKE ENERGY DEAD - DELIST.10/02/21","DEAD"
"894371","U:BXP","BXP","US1011211018","BOSTON PROPERTIES","ACT."
"873943","@DFODQ","DFODQ.PK^F21","US2423702032","DEAN FOODS DEAD - DELIST.03/06/21","DEAD"
"29026M","@GOOGL","GOOGL.O","US02079K3059","ALPHABET A","ACT."
"546169","U:KIM","KIM","US49446R1095","KIMCO REALTY","ACT."
"702181","U:LM","LM^H20","US5249011058","LEGG MASON DEAD - DELIST.03/08/20","DEAD"
"867232","NA","SNDK.O^E16","US80004C1018","SANDISK DEAD - DELIST.13/05/16","DEAD"
"35781K","NA","EQ^G09","US29078E1055","EMBARQ DEAD - DELIST.13/07/09","DEAD"
"696703","U:CNX","CNX","US12653C1080","CNX RESOURCES","ACT."
"512545","NA","NA","US2005191067","COM.BANC. DEAD - DELIST.10/04/08","DEAD"
"699943","U:JNPR","JNPR.K","US48203R1041","JUNIPER NETWORKS","ACT."
"28818X","@WINMQ","WINMQ.PK^I20","US97382A3095","WINDSTREAM HOLDINGS DEAD - DELIST.22/09/20","DEAD"
"26393N","@CME","CME.O","US12572Q1058","CME GROUP","ACT."
"36269J","NA","NA","US75605E1001","REALOGY DEAD - DELIST.23/04/07","DEAD"
"36269K","U:TNL","TNL","US8941641024","TRAVEL LEISURE","ACT."
"912043","NA","SII^H10","US8321101003","SMITH INTL. DEAD - DELIST.30/08/10","DEAD"
"41195M","U:WU","WU","US9598021098","WESTERN UNION","ACT."
"28513N","U:CBRE","CBRE.K","US12504L1098","CBRE GROUP CLASS A","ACT."
"755790","@CELG","CELG.O^K19","US1510201049","CELGENE DEAD - DELIST.21/11/19","DEAD"
"683199","@CTSH","CTSH.O","US1924461023","COGNIZANT TECH.SLTN.'A'","ACT."
"14015T","U:FIS","FIS","US31620M1062","FIDELITY NAT.INFO.SVS.","ACT."
"13906D","NA","BTUUQ.PK^D17","US7045492037","PEABODY ENERGY DEAD - DELIST.04/04/17","DEAD"
"28226P","NA","DTV.O^G15","US25490A3095","DIRECTV DEAD - ACQD.BY 945388","DEAD"
"321354","@IAC","IAC.O","US44891N2080","IAC INTERACTIVE","ACT."
"904414","NA","STR^I16","US7483561020","QUESTAR DEAD - DELIST.19/09/16","DEAD"
"905253","U:TEX","TEX","US8807791038","TEREX","ACT."
"130502","U:AVB","AVB","US0534841012","AVALONBAY COMMNS.","ACT."
"992520","@VALPQ","VALPQ.PK^D21","GB00BJVJZD68","VALARIS A DEAD - DELIST.28/04/21","DEAD"
"41487P","NA","SE^B17","US8475601097","SPECTRA ENERGY DEAD - DELIST.27/02/17","DEAD"
"271662","NA","HCBK.O^K15","US4436831071","HUDSON CITY BANC. DEAD - DELIST.02/11/15","DEAD"
"902336","NA","TEG^F15","US45822P1057","INTEGRYS ENERGY GROUP DEAD - DELIST.30/06/15","DEAD"
"894145","U:RL","RL","US7512121010","RALPH LAUREN CL.A","ACT."
"906220","NA","VAR^D21","US92220P1057","VARIAN MEDICAL SYSTEMS DEAD - DELIST.15/04/21","DEAD"
"883969","U:ANF","ANF","US0028962076","ABERCROMBIE & FITCH 'A'","ACT."
"879628","@CHRW","CHRW.O","US12541W2098","CH ROBINSON WWD.","ACT."
"327731","U:SITC","SITC.K","US82981J1097","SITE CENTERS (NYS)","ACT."
"28341F","U:AIZ","AIZ","US04621X1081","ASSURANT","ACT."
"13967E","@MDLZ","MDLZ.O","US6092071058","MONDELEZ INTERNATIONAL CL.A","ACT."
"152632","@SUNEQ","SUNEQ.PK^L17","US86732Y1091","SUNEDISON DEAD - DELIST.30/12/17","DEAD"
"997350","NA","PCP^B16","US7401891053","PREC.CASTPARTS DEAD - DELIST/01/02/16","DEAD"
"277355","@AKAM","AKAM.O","US00971T1016","AKAMAI TECHS.","ACT."
"878401","NA","ACAS.O^A17","US02503Y1038","AMERICAN CAPITAL DEAD - DELIST.04/01/17","DEAD"
"50661P","NA","COV^A15","IE00B68SQD29","COVIDIEN DEAD - DELIST.27/01/15","DEAD"
"50642F","U:DFS","DFS","US2547091080","DISCOVER FINANCIAL SVS.","ACT."
"916170","NA","GGP^H18","US36174X1019","GGP DEAD - DELIST.29/08/18","DEAD"
"50661L","U:TEL","TEL","CH0102993182","TE CONNECTIVITY","ACT."
"921925","U:JEF","JEF","US47233W1099","JEFFERIES FINANCIAL GROUP","ACT."
"30730Q","U:ICE","ICE","US45866F1049","INTERCONTINENTAL EX.","ACT."
"328228","@MCHP","MCHP.O","US5950171042","MICROCHIP TECH.","ACT."
"912052","NA","ANDV.K^J18","US03349M1053","ANDEAVOR DEAD - DELIST.01/10/18","DEAD"
"31412T","@EXPE","EXPE.O","US30212P3038","EXPEDIA GROUP","ACT."
"910722","@EXPD","EXPD.O","US3021301094","EXPEDITOR INTL.OF WASH.","ACT."
"912142","U:J","J","US4698141078","JACOBS ENGR.","ACT."
"28560F","NA","NYX^K13","US6294911010","NYSE EURONEXT DEAD - MERGER.30730Q","DEAD"
"906557","@NBL","NBL.O^J20","US6550441058","NOBLE ENERGY DEAD - DELIST.06/10/20","DEAD"
"51020P","U:TDC","TDC","US88076W1036","TERADATA","ACT."
"874575","NA","TIE^A13","US8883392073","TITANIUM METALS DEAD - ACQD.BY 997350","DEAD"
"680902","U:AMT","AMT","US03027X1000","AMERICAN TOWER","ACT."
"906544","U:MTW","MTW","US5635714059","MANITOWOC","ACT."
"904509","NA","POM^C16","US7132911022","PEPCO HOLDINGS DEAD - DELIST.24/03/16","DEAD"
"15168M","U:GME","GME","US36467W1099","GAMESTOP 'A'","ACT."
"543267","U:RRC","RRC","US75281A1097","RANGE RES.","ACT."
"922079","U:GHC","GHC","US3846371041","GRAHAM HOLDINGS 'B'","ACT."
"152553","NA","CAM^D16","US13342B1052","CAMERON INTERNATIONAL DEAD - DELIST.04/04/16","DEAD"
"944738","U:TSS","TSS^I19","US8919061098","TOTAL SYSTEM SERVICES DEAD - DELIST.18/09/19","DEAD"
"945589","U:PEAK","PEAK.K","US42250P1030","HEALTHPEAK PROPERTIES","ACT."
"51605D","U:PM","PM","US7181721090","PHILIP MORRIS INTL.","ACT."
"542823","U:COG","COG","US1270971039","CABOT OIL & GAS 'A'","ACT."
"292538","@ISRG","ISRG.O","US46120E6023","INTUITIVE SURGICAL","ACT."
"15162T","NA","LO^F15","US5441471019","LORILLARD DEAD - DELIST.12/06/15","DEAD"
"930551","U:SWN","SWN","US8454671095","SOUTHWESTERN ENERGY","ACT."
"130775","U:AKS","AKS^C20","US0015471081","AK STEEL HLDG. DEAD - DELIST.14/03/20","DEAD"
"867138","U:DVA","DVA","US23918K1088","DAVITA","ACT."
"32451J","U:MA","MA","US57636Q1040","MASTERCARD","ACT."
"53502L","NA","SNI.O^C18","US8110651010","SCRIPPS NETWORKS INTERACTIVE A","DEAD"
"31109K","U:CF","CF","US1252691001","CF INDUSTRIES HDG.","ACT."
"51245V","U:IVZ","IVZ","BMG491BT1088","INVESCO","ACT."
"546075","U:APH","APH","US0320951017","AMPHENOL 'A'","ACT."
"755980","@FAST","FAST.O","US3119001044","FASTENAL","ACT."
"895705","U:PXD","PXD","US7237871071","PIONEER NTRL.RES.","ACT."
"28236L","U:CRM","CRM","US79466L3024","SALESFORCE.COM","ACT."
"51937Q","@KDP","KDP.O","US49271V1008","KEURIG DR PEPPER","ACT."
"905755","U:FLS","FLS","US34354P1057","FLOWSERVE","ACT."
"25735K","@NDAQ","NDAQ.O","US6311031081","NASDAQ","ACT."
"902335","U:WEC","WEC","US92939U1060","WEC ENERGY GROUP","ACT."
"544724","NA","CEPH.O^J11","US1567081096","CEPHALON DEAD - ACQD.BY 885746","DEAD"
"510209","@XRAY","XRAY.O","US24906P1093","DENTSPLY SIRONA","ACT."
"694924","NA","LIFE.O^B14","US53217V1098","LIFE TECHNOLOGIES DEAD - ACQD.BY 906394","DEAD"
"517465","@PBCT","PBCT.O","US7127041058","PEOPLES UNITED FINANCIAL","ACT."
"912441","U:SJM","SJM","US8326964058","J M SMUCKER","ACT."
"883626","@SRCL","SRCL.O","US8589121081","STERICYCLE","ACT."
"26406N","@WYNN","WYNN.O","US9831341071","WYNN RESORTS","ACT."
"264786","NA","DNB^B19","US26483E1001","DUN & BRADSTREET DEL. DEAD - DELIST.08/02/19","DEAD"
"904390","U:EQT","EQT","US26884L1098","EQT","ACT."
"326815","NA","MFE^C11","US5790641063","MCAFEE DEAD - DELIST.01/03/11","DEAD"
"683432","U:RSG","RSG","US7607591002","REPUBLIC SVS.'A'","ACT."
"329097","@FLIR","FLIR.O^E21","US3024451011","FLIR SYSTEMS DEAD - DELIST.17/05/21","DEAD"
"982579","U:WELL","WELL.K","US95040Q1040","WELLTOWER","ACT."
"894720","U:IRM","IRM","US46284V1017","IRON MOUNTAIN","ACT."
"904539","U:SCG","SCG^A19","US80589M1027","SCANA DEAD - DELIST.02/01/19","DEAD"
"311903","@DOFSQ","DOFSQ.PK^D21","US25271C1027","DIAMOND OFFS.DRL. DEAD - DELIST.24/04/21","DEAD"
"921051","U:HRL","HRL","US4404521001","HORMEL FOODS","ACT."
"921999","U:ES","ES","US30040W1080","EVERSOURCE ENERGY","ACT."
"328595","@ORLY","ORLY.O","US67103H1077","O REILLY AUTOMOTIVE","ACT."
"41582M","NA","TWC^E16","US88732J2078","TIME WARNER CABLE DEAD - DELIST.18/05/16","DEAD"
"500344","U:VTR","VTR","US92276F1003","VENTAS","ACT."
"311239","NA","DNRCQ.PK^I20","US2479162081","DENBURY RESOURCES (OTC) DEAD - DELIST.21/09/20","DEAD"
"545004","U:ATGE","ATGE.K","US00737L1035","ADTALEM GLOBAL EDUCATION","ACT."
"13967C","NA","FTI^A17","US30249U1016","FMC TECHNOLOGIES DEAD - DELIST.17/01/17","DEAD"
"50394K","@TMUS","TMUS.O","US8725901040","T-MOBILE US","ACT."
"677091","U:PWR","PWR","US74762E1029","QUANTA SERVICES","ACT."
"271688","U:RHT","RHT^G19","US7565771026","RED HAT DEAD - DELIST.09/07/19","DEAD"
"906785","@WDC","WDC.O","US9581021055","WESTERN DIGITAL","ACT."
"756210","NA","ARG^E16","US0093631028","AIRGAS DEAD - DELIST.23/05/16","DEAD"
"67751X","NA","CFN^C15","US14170T1016","CAREFUSION DEAD - DELIST.17/03/15","DEAD"
"36218Q","@FSLR","FSLR.O","US3364331070","FIRST SOLAR","ACT."
"696306","@BKNG","BKNG.O","US09857L1089","BOOKING HOLDINGS","ACT."
"912420","U:CLF","CLF","US1858991011","CLEVELAND CLIFFS","ACT."
"54121H","NA","MJN^F17","US5828391061","MEAD JOHNSON NUTRITION DEAD - DELIST.15/06/17","DEAD"
"546965","U:ROP","ROP","US7766961061","ROPER TECHNOLOGIES","ACT."
"702365","@ROST","ROST.O","US7782961038","ROSS STORES","ACT."
"31676F","U:LDOS","LDOS.K","US5253271028","LEIDOS HOLDINGS","ACT."
"51683M","U:V","V","US92826C8394","VISA 'A'","ACT."
"28179N","U:NRG","NRG","US6293775085","NRG ENERGY","ACT."
"874227","U:BRK.B","BRKb","US0846707026","BERKSHIRE HATHAWAY 'B'","ACT."
"357142","@URBN","URBN.O","US9170471026","URBAN OUTFITTERS","ACT."
"31196R","@DISCA","DISCA.O","US25470F1049","DISCOVERY SERIES A","ACT."
"741643","@CERN","CERN.O","US1567821046","CERNER","ACT."
"877723","U:KMX","KMX","US1431301027","CARMAX","ACT."
"69630N","NA","QEP^C21","US74733V1008","QEP RESOURCES (NYS) DEAD - DELIST.17/03/21","DEAD"
"700237","NA","CVC^F16","US12686C1099","CABLEVISION SYS. DEAD - DELIST.21/06/16","DEAD"
"699628","@FFIV","FFIV.O","US3156161024","F5 NETWORKS","ACT."
"15303X","@NFLX","NFLX.O","US64110L1061","NETFLIX","ACT."
"357241","U:NFX","NFX^B19","US6512901082","NEWFIELD EXPLORATION DEAD - DELIST.14/02/19","DEAD"
"72940R","NA","MMI^E12","US6200971058","MOTOROLA MOBILITY HDG. DEAD - MERGER.29026M","DEAD"
"13950L","NA","JOY^D17","US4811651086","JOY GLOBAL DEAD - DELIST.06/04/17","DEAD"
"274794","U:BLK","BLK","US09247X1019","BLACKROCK","ACT."
"32199R","U:CMG","CMG","US1696561059","CHIPOTLE MEXN.GRILL","ACT."
"286558","U:EW","EW","US28176E1082","EDWARDS LIFESCIENCES","ACT."
"29920H","NA","ANRZQ.PK^G16","US02076X1028","ALPHA NATURAL RESOURCES DEAD - DELIST.27/07/16","DEAD"
"670129","U:PLD","PLD","US74340W1036","PROLOGIS REIT","ACT."
"14352P","U:ACN","ACN","IE00B4BNMY34","ACCENTURE CLASS A","ACT."
"77229W","U:MPC","MPC","US56585A1025","MARATHON PETROLEUM","ACT."
"771767","U:MOS","MOS","US61945C1036","MOSAIC","ACT."
"77805K","U:XYL","XYL","US98419M1009","XYLEM","ACT."
"906820","NA","GAS^G16","US0012041069","AGL RESOURCES DEAD - DELIST.01/07/16","DEAD"
"329709","U:BWA","BWA","US0997241064","BORGWARNER","ACT."
"154259","@DLTR","DLTR.O","US2567461080","DOLLAR TREE","ACT."
"546487","U:PRGO","PRGO.K","IE00BGH1M568","PERRIGO","ACT."
"86523E","@TRIP","TRIP.O","US8969452015","TRIPADVISOR 'A'","ACT."
"77313L","NA","WPX^A21","US98212B1035","WPX ENERGY DEAD - DELIST.07/01/21","DEAD"
"687197","U:CCI","CCI","US22822V1017","CROWN CASTLE INTL.","ACT."
"325453","@FOSL","FOSL.O","US34988V1061","FOSSIL GROUP","ACT."
"873087","@ALXN","ALXN.O","US0153511094","ALEXION PHARMS.","ACT."
"74500P","U:KMI","KMI","US49456B1017","KINDER MORGAN","ACT."
"87035H","U:PSX","PSX","US7185461040","PHILLIPS 66","ACT."
"946387","@LRCX","LRCX.O","US5128071082","LAM RESEARCH","ACT."
"512785","@MNST","MNST.O","US61174X1090","MONSTER BEVERAGE","ACT."
"26599V","@STX","STX.O","IE00BKVD2N49","SEAGATE TECHNOLOGY HOLDINGS","ACT."
"69264X","U:LYB","LYB","NL0009434992","LYONDELLBASELL INDS.CL.A","ACT."
"87659R","NA","KRFT.O^G15","US50076Q1067","KRAFT FOODS GROUP DEAD - ACQD.BY 9801CJ","DEAD"
"322810","NA","PETM.O^C15","US7167681060","PETSMART DEAD - DELIST.12/03/15","DEAD"
"906585","U:PNR","PNR","IE00BLS09M33","PENTAIR","ACT."
"87524M","NA","ADT^E16","US00101J1060","ADT DEAD - DELIST.02/05/16","DEAD"
"77805R","U:APTV","APTV.K","JE00B783TY65","APTIV","ACT."
"68301M","U:DG","DG","US2566771059","DOLLAR GENERAL","ACT."
"255781","@GRMN","GRMN.O","CH0114405324","GARMIN","ACT."
"87851X","U:ABBV","ABBV.K","US00287Y1091","ABBVIE","ACT."
"921218","U:PVH","PVH","US6936561009","PVH","ACT."
"357366","U:MAC","MAC","US5543821012","MACERICH","ACT."
"544623","@REGN","REGN.O","US75886F1075","REGENERON PHARMS.","ACT."
"68470T","U:GM","GM","US37045V1008","GENERAL MOTORS","ACT."
"88054V","U:ZTS","ZTS","US98978V1035","ZOETIS A","ACT."
"89257H","@NWSA","NWSA.O","US65249B1098","NEWS 'A'","ACT."
"72467E","U:NLSN","NLSN.K","GB00BWFY5505","NIELSEN","ACT."
"921725","U:AME","AME","US0311001004","AMETEK","ACT."
"50469N","U:DAL","DAL","US2473617023","DELTA AIR LINES","ACT."
"545310","@VRTX","VRTX.O","US92532F1003","VERTEX PHARMS.","ACT."
"86532T","U:CPRI","CPRI.K","VGG1890L1076","CAPRI HOLDINGS","ACT."
"93045D","U:ALLE","ALLE.K","IE00BFRT3W74","ALLEGION","ACT."
"13951F","U:ADS","ADS","US0185811082","ALLIANCE DATA SYSTEMS","ACT."
"86831C","@FB","FB.O","US30303M1027","FACEBOOK CLASS A","ACT."
"325475","U:MHK","MHK","US6081901042","MOHAWK INDUSTRIES","ACT."
"130088","@TSCO","TSCO.O","US8923561067","TRACTOR SUPPLY","ACT."
"324857","NA","GMCR.O^C16","US49271M1009","KEURIG GREEN MOUNTAIN DEAD - DELIST.04/03/16","DEAD"
"131844","U:ESS","ESS","US2971781057","ESSEX PROPERTY TST.","ACT."
"871997","@GOOG","GOOG.O","US02079K1079","ALPHABET 'C'","ACT."
"54332K","@AVGO","AVGO.O","US11135F1012","BROADCOM","ACT."
"8871XR","@NAVI","NAVI.O","US63938C1080","NAVIENT","ACT."
"31610N","U:UAA","UAA","US9043111072","UNDER ARMOUR A","ACT."
"26276P","U:XEC","XEC","US1717981013","CIMAREX EN.","ACT."
"670134","U:AMG","AMG","US0082521081","AFFILIATED MANAGERS","ACT."
"130062","U:MLM","MLM","US5732841060","MARTIN MRTA.MATS.","ACT."
"54099E","@DISCK","DISCK.O","US25470F3029","DISCOVERY SERIES C","ACT."
"88874X","@MNKKQ","MNKKQ.PK","IE00BBGT3753","MALLINCKRODT PUB","ACT."
"670778","U:URI","URI","US9113631090","UNITED RENTALS","ACT."
"992953","U:UHS","UHS","US9139031002","UNIVERSAL HEALTH SVS.'B'","ACT."
"879439","NA","LVLT.K^K17","US52729N3089","LEVEL 3 COMMS. DEAD - DELIST.01/11/17","DEAD"
"322549","U:RCL","RCL","LR0008862868","ROYAL CARIBBEAN GROUP","ACT."
"298514","@ENDP","ENDP.O","IE00BJ3V9050","ENDO INTERNATIONAL","ACT."
"749688","U:HCA","HCA","US40412C1018","HCA HEALTHCARE","ACT."
"93801Q","@AAL","AAL.O","US02376R1023","AMERICAN AIRLINES GROUP","ACT."
"261977","@EQIX","EQIX.O","US29444U7000","EQUINIX REIT","ACT."
"41071J","U:HBI","HBI","US4103451021","HANESBRANDS","ACT."
"895784","U:SLG","SLG","US78440X8048","SL GREEN REALTY","ACT."
"867185","@HSIC","HSIC.O","US8064071025","HENRY SCHEIN","ACT."
"923602","@SWKS","SWKS.O","US83088M1027","SKYWORKS SOLUTIONS","ACT."
"134057","U:O","O","US7561091049","REALTY INCOME","ACT."
"9269TG","@QRVO","QRVO.O","US74736K1016","QORVO","ACT."
"945411","@JBHT","JBHT.O","US4456581077","HUNT JB TRANSPORT SVS.","ACT."
"14806F","U:AAP","AAP","US00751Y1064","ADV.AUTO PARTS","ACT."
"54060C","U:SIG","SIG","BMG812761002","SIGNET JEWELERS","ACT."
"96699P","U:WRK","WRK","US96145D1054","WESTROCK","ACT."
"9801CJ","@KHC","KHC.O","US5007541064","KRAFT HEINZ","ACT."
"9801CK","@PYPL","PYPL.O","US70450Y1038","PAYPAL HOLDINGS","ACT."
"95313K","NA","CPGX.K^G16","US1982801094","COLUMBIA PIPELINE GROUP DEAD - DELIST.01/07/16","DEAD"
"9595FU","NA","BXLT.K^F16","US07177M1036","BAXALTA DEAD - DELIST.03/06/16","DEAD"
"312367","@ATVI","ATVI.O","US00507V1098","ACTIVISION BLIZZARD","ACT."
"740800","NA","CMCSK.O^L15","US20030N2009","COMCAST SPECIAL 'A' DEAD - DELIST.14/12/15","DEAD"
"32730D","@UAL","UAL.O","US9100471096","UNITED AIRLINES HOLDINGS","ACT."
"89257J","@NWS","NWS.O","US65249B2088","NEWS 'B'","ACT."
"29739V","@TFCF","TFCF.O^C19","US90130A4085","TWENTY-FIRST CENTURY FOX B","DEAD"
"67576C","@VRSK","VRSK.O","US92345Y1064","VERISK ANALYTICS CL.A","ACT."
"298957","@ILMN","ILMN.O","US4523271090","ILLUMINA","ACT."
"8894H9","U:SYF","SYF","US87165B1035","SYNCHRONY FINANCIAL","ACT."
"8729N1","U:CSRA","CSRA.K^D18","US12650T1043","CSRA DEAD - DELIST.04/04/18","DEAD"
"8660JC","U:HPE","HPE","US42824C1099","HEWLETT PACKARD ENTER.","ACT."
"982440","U:CHD","CHD","US1713401024","CHURCH & DWIGHT CO.","ACT."
"28984D","U:EXR","EXR","US30225T1025","EXTRA SPACE STRG.","ACT."
"13967H","@WLTW","WLTW.O","IE00BDB6Q211","WILLIS TOWERS WATSON","ACT."
"905994","U:FRT","FRT","US3137472060","FEDERAL REALTY INV.TST.","ACT."
"50463C","U:CXO","CXO^A21","US20605P1012","CONCHO RESOURCES DEAD - DELIST.19/01/21","DEAD"
"9110QM","U:CFG","CFG","US1746101054","CITIZENS FINANCIAL GROUP","ACT."
"542983","@HOLX","HOLX.O","US4364401012","HOLOGIC","ACT."
"992656","U:UDR","UDR","US9026531049","UDR","ACT."
"14863U","U:CNC","CNC","US15135B1017","CENTENE","ACT."
"51922M","U:AWK","AWK","US0304201033","AMERICAN WATER WORKS","ACT."
"13471D","U:GPN","GPN","US37940X1028","GLOBAL PAYMENTS","ACT."
"50806E","@ULTA","ULTA.O","US90384S3031","ULTA BEAUTY","ACT."
"7025QJ","U:UA","UA","US9043112062","UNDER ARMOUR 'C'","ACT."
"921794","U:ALK","ALK","US0116591092","ALASKA AIR GROUP","ACT."
"756957","U:AJG","AJG","US3635761097","ARTHUR J GALLAGHER","ACT."
"14846V","U:AYI","AYI","US00508Y1029","ACUITY BRANDS","ACT."
"27338P","@LKQ","LKQ.O","US5018892084","LKQ","ACT."
"29304L","U:DLR","DLR","US2538681030","DIGITAL REALTY TST.","ACT."
"32593H","U:TDG","TDG","US8936411003","TRANSDIGM GROUP","ACT."
"77597H","U:FBHS","FBHS.K","US34964C1062","FORTUNE BNS.HM.& SCTY.","ACT."
"130298","U:ALB","ALB","US0126531013","ALBEMARLE","ACT."
"906979","@LNT","LNT.O","US0188021085","ALLIANT ENERGY (XSC)","ACT."
"7552EK","U:FTV","FTV","US34959J1088","FORTIVE","ACT."
"670032","U:MTD","MTD","US5926881054","METTLER TOLEDO INTL.","ACT."
"938928","U:COO","COO","US2166484020","COOPER COS.","ACT."
"68470X","@CHTR","CHTR.O","US16119P1084","CHARTER COMMS.CL.A","ACT."
"87310L","U:COTY","COTY.K","US2220702037","COTY CL.A","ACT."
"2605LP","U:ADNT","ADNT.K","IE00BD845X29","ADIENT","ACT."
"360659","U:MAA","MAA","US59522J1034","MID-AMER.APT COMMUNITIES","ACT."
"670314","NA","EVHC.K^J18","US29414D1000","ENVISION HEALTHCARE DEAD - DELIST.11/10/18","DEAD"
"545098","@IDXX","IDXX.O","US45168D1046","IDEXX LABORATORIES","ACT."
"9011GV","U:FTI","FTI","GB00BDSFG982","TECHNIPFMC","ACT."
"357049","@INCY","INCY.O","US45337C1027","INCYTE","ACT."
"891631","U:ARE","ARE","US0152711091","ALEXANDRIA RLST.EQTIES.","ACT."
"135448","@DISH","DISH.O","US25470M1099","DISH NETWORK 'A'","ACT."
"777844","U:RJF","RJF","US7547301090","RAYMOND JAMES FINL.","ACT."
"312451","@REG","REG.O","US7588491032","REGENCY CENTERS","ACT."
"325059","@SNPS","SNPS.O","US8716071076","SYNOPSYS","ACT."
"69465W","U:CBOE","CBOE.K","US12503M1080","CBOE GLOBAL MARKETS(BTS)","ACT."
"324784","U:IT","IT","US3666511072","GARTNER 'A'","ACT."
"874830","@ANSS","ANSS.O","US03662Q1058","ANSYS","ACT."
"311759","U:RE","RE","BMG3223R1088","EVEREST RE GP.","ACT."
"13466Q","@ALGN","ALGN.O","US0162551016","ALIGN TECHNOLOGY","ACT."
"88989Y","U:INFO","INFO.K","BMG475671050","IHS MARKIT","ACT."
"93781J","U:HLT","HLT","US43300A2033","HILTON WORLDWIDE HDG.","ACT."
"513260","U:DRE","DRE","US2644115055","DUKE REALTY","ACT."
"277189","U:PKG","PKG","US6951561090","PACKAGING CORP.OF AM.","ACT."
"516007","U:MGM","MGM","US5529531015","MGM RESORTS INTL.","ACT."
"141405","U:RMD","RMD","US7611521078","RESMED","ACT."
"944987","U:AOS","AOS","US8318652091","SMITH (AO)","ACT."
"88391F","U:IQV","IQV","US46266C1053","IQVIA HOLDINGS","ACT."
"9113PQ","@BHF","BHF.O","US10922N1037","BRIGHTHOUSE FINANCIAL","ACT."
"755148","@CDNS","CDNS.O","US1273871087","CADENCE DESIGN SYS.","ACT."
"9140VW","U:DD","DD","US26614N1028","DUPONT DE NEMOURS","ACT."
"699786","@SBAC","SBAC.O","US78410G1040","SBA COMMS.","ACT."
"77444J","U:NCLH","NCLH.K","BMG667211046","NORWEGIAN CRUISE LINE HDG.","ACT."
"75586W","U:HII","HII","US4464131063","HNTGTN.INGALLS INDS.","ACT."
"889831","@TTWO","TTWO.O","US8740541094","TAKE TWO INTACT.SFTW.","ACT."
"131402","@NKTR","NKTR.O","US6402681083","NEKTAR THERAPEUTICS","ACT."
"41103J","@IPGP","IPGP.O","US44980X1090","IPG PHOTONICS","ACT."
"518628","@SIVB","SIVB.O","US78486Q1013","SVB FINANCIAL GROUP","ACT."
"50901M","U:MSCI","MSCI.K","US55354G1004","MSCI","ACT."
"777953","@ABMD","ABMD.O","US0036541003","ABIOMED","ACT."
"50314E","U:BR","BR","US11133T1034","BROADRIDGE FINL.SLTN.","ACT."
"69723H","U:FLT","FLT","US3390411052","FLEETCOR TECHNOLOGIES","ACT."
"921934","U:HFC","HFC","US4361061082","HOLLYFRONTIER","ACT."
"91240W","U:TWTR","TWTR.K","US90184L1026","TWITTER","ACT."
"902305","U:EVRG","EVRG.K","US30034W1062","EVERGY","ACT."
"130591","@CPRT","CPRT.O","US2172041061","COPART","ACT."
"8857RL","U:ANET","ANET.K","US0404131064","ARISTA NETWORKS","ACT."
"28502U","U:WCG","WCG^A20","US94946T1060","WELLCARE HEALTH PLANS DEAD - DELIST.24/01/20","DEAD"
"905652","U:ROL","ROL","US7757111049","ROLLINS","ACT."
"67888X","@FTNT","FTNT.O","US34959E1091","FORTINET","ACT."
"9373MH","U:LIN","LIN","IE00BZ12WP82","LINDE","ACT."
"701667","@JKHY","JKHY.O","US4262811015","JACK HENRY AND ASSOCIATES","ACT."
"9110QF","U:KEYS","KEYS.K","US49338L1035","KEYSIGHT TECHNOLOGIES","ACT."
"29756N","U:CE","CE","US1508701034","CELANESE","ACT."
"87735V","@FANG","FANG.O","US25278X1090","DIAMONDBACK ENERGY","ACT."
"2653G3","U:LW","LW","US5132721045","LAMB WESTON HOLDINGS","ACT."
"921509","U:TFX","TFX","US8793691069","TELEFLEX","ACT."
"72929C","U:FRC","FRC","US33616C1009","FIRST REPUBLIC BANK","ACT."
"511339","U:ATO","ATO","US0495601058","ATMOS ENERGY","ACT."
"141545","U:WAB","WAB","US9297401088","WABTEC","ACT."
"9406MC","@FOXA","FOXA.O","US35137L1052","FOX A","ACT."
"9406MA","@FOX","FOX.O","US35137L2043","FOX B","ACT."
"9436NF","U:DOW","DOW","US2605571031","DOW ORD SHS","ACT."
"9451T5","U:AMCR","AMCR.K","JE00BJ1F3079","AMCOR","ACT."
"9448Z6","U:CTVA","CTVA.K","US22052L1044","CORTEVA","ACT."
"28484K","@MKTX","MKTX.O","US57060D1081","MARKETAXESS HOLDINGS","ACT."
"541798","U:IEX","IEX","US45167R1041","IDEX","ACT."
"324981","U:NVR","NVR","US62944T1051","NVR","ACT."
"89261N","@CDW","CDW.O","US12514G1085","CDW","ACT."
"29502P","U:LVS","LVS","US5178341070","LAS VEGAS SANDS","ACT."
"87161Q","U:NOW","NOW","US81762P1021","SERVICENOW","ACT."
"906828","U:WRB","WRB","US0844231029","W R BERKLEY","ACT."
"545918","@ODFL","ODFL.O","US6795801009","OLD DOMINION FGT.LINES","ACT."
"545588","@ZBRA","ZBRA.O","US9892071054","ZEBRA TECHNOLOGIES 'A'","ACT."
"32521X","U:LYV","LYV","US5380341090","LIVE NATION ENTM.","ACT."
"325895","U:STE","STE","IE00BFY8C754","STERIS","ACT."
"8858FM","U:PAYC","PAYC.K","US70432V1026","PAYCOM SOFTWARE","ACT."
"9084MP","U:IR","IR","US45687V1061","INGERSOLL RAND","ACT."
"9664FY","U:CARR","CARR.K","US14448C1045","CARRIER GLOBAL","ACT."
"9664FX","U:OTIS","OTIS.K","US68902V1070","OTIS WORLDWIDE","ACT."
"923298","U:WST","WST","US9553061055","WEST PHARM.SVS.","ACT."
"28833V","U:DPZ","DPZ","US25754A2015","DOMINO'S PIZZA","ACT."
"30241D","@DXCM","DXCM.O","US2521311074","DEXCOM","ACT."
"992765","U:BIO","BIO","US0905722072","BIO-RAD LABORATORIES 'A'","ACT."
"277669","U:TDY","TDY","US8793601050","TELEDYNE TECHS.","ACT."
"922853","U:TYL","TYL","US9022521051","TYLER TECHNOLOGIES","ACT."
"8866F3","U:CTLT","CTLT.K","US1488061029","CATALENT","ACT."
"9434UH","@ETSY","ETSY.O","US29786A1060","ETSY","ACT."
"311917","@POOL","POOL.O","US73278L1052","POOL","ACT."
"9660J1","U:VNT","VNT","US9288811014","VONTIER","ACT."
"9889RL","NA","NA","NA","APARTMENT INV. & MAN. PLACEHOLDER","ACT."
"69568X","@TSLA","TSLA.O","US88160R1014","TESLA","ACT."
"543755","@TRMB","TRMB.O","US8962391004","TRIMBLE","ACT."
"77463M","@ENPH","ENPH.O","US29355A1079","ENPHASE ENERGY","ACT."
"29235J","@MPWR","MPWR.O","US6098391054","MONOLITHIC PWR.SYS.","ACT."
"131745","@PENN","PENN.O","US7075691094","PENN NAT.GAMING","ACT."
"69487D","@NXPI","NXPI.O","NL0009538784","NXP SEMICONDUCTORS","ACT."
"68157P","U:GNRC","GNRC.K","US3687361044","GENERAC HOLDINGS","ACT."
"9110RA","@CZR","CZR.O","US12769G1004","CAESARS ENTERTAINMENT","ACT."
"292703","U:CRL","CRL","US1598641074","CHAS.RVR.LABS.INTL.","ACT."
